{"v":"5.5.10","fr":29.9700012207031,"ip":0,"op":35.0000014255792,"w":512,"h":512,"nm":"Comp 1","ddd":0,"assets":[],"layers":[{"ddd":0,"ind":5,"ty":4,"nm":"Layer 6 Outlines","sr":1,"ks":{"o":{"a":0,"k":100,"ix":11},"r":{"a":0,"k":0,"ix":10},"p":{"a":0,"k":[256,256,0],"ix":2},"a":{"a":0,"k":[209.823,209.823,0],"ix":1},"s":{"a":1,"k":[{"i":{"x":[0.667,0.667,0.667],"y":[1,1,1]},"o":{"x":[0.333,0.333,0.333],"y":[0,0,0]},"t":0,"s":[100,100,100]},{"i":{"x":[0.667,0.667,0.667],"y":[1,1,1]},"o":{"x":[0.333,0.333,0.333],"y":[0,0,0]},"t":6,"s":[113,113,100]},{"i":{"x":[0.667,0.667,0.667],"y":[1,1,1]},"o":{"x":[0.333,0.333,0.333],"y":[0,0,0]},"t":16,"s":[90.414,90.414,100]},{"i":{"x":[0.667,0.667,0.667],"y":[1,1,1]},"o":{"x":[0.333,0.333,0.333],"y":[0,0,0]},"t":21,"s":[105.609,105.609,100]},{"i":{"x":[0.667,0.667,0.667],"y":[1,1,1]},"o":{"x":[0.333,0.333,0.333],"y":[0,0,0]},"t":25,"s":[96.366,96.366,100]},{"i":{"x":[0.667,0.667,0.667],"y":[1,1,1]},"o":{"x":[0.333,0.333,0.333],"y":[0,0,0]},"t":28,"s":[102.183,102.183,100]},{"t":31.0000012626559,"s":[100,100,100]}],"ix":6}},"ao":0,"shapes":[{"ty":"gr","it":[{"ind":0,"ty":"sh","ix":1,"ks":{"a":0,"k":{"i":[[0,0],[0,-1.296],[0,0],[-1.295,0],[0,0],[0,1.295],[0,0],[1.296,0]],"o":[[-1.295,0],[0,0],[0,1.295],[0,0],[1.296,0],[0,0],[0,-1.296],[0,0]],"v":[[-44.971,-47.321],[-47.321,-44.971],[-47.321,44.971],[-44.971,47.321],[44.971,47.321],[47.321,44.971],[47.321,-44.971],[44.971,-47.321]],"c":true},"ix":2},"nm":"Path 1","mn":"ADBE Vector Shape - Group","hd":false},{"ind":1,"ty":"sh","ix":2,"ks":{"a":0,"k":{"i":[[8.634,0],[0,0],[0,8.634],[0,0],[-8.634,0],[0,0],[0,-8.634],[0,0]],"o":[[0,0],[-8.634,0],[0,0],[0,-8.634],[0,0],[8.634,0],[0,0],[0,8.634]],"v":[[44.971,60.629],[-44.971,60.629],[-60.629,44.971],[-60.629,-44.971],[-44.971,-60.629],[44.971,-60.629],[60.63,-44.971],[60.63,44.971]],"c":true},"ix":2},"nm":"Path 2","mn":"ADBE Vector Shape - Group","hd":false},{"ty":"mm","mm":1,"nm":"Merge Paths 1","mn":"ADBE Vector Filter - Merge","hd":false},{"ty":"fl","c":{"a":0,"k":[0.059000000299,0.081999999402,0.328999986836,1],"ix":4},"o":{"a":0,"k":100,"ix":5},"r":1,"bm":0,"nm":"Fill 1","mn":"ADBE Vector Graphic - Fill","hd":false},{"ty":"tr","p":{"a":0,"k":[358.767,60.879],"ix":2},"a":{"a":0,"k":[0,0],"ix":1},"s":{"a":0,"k":[100,100],"ix":3},"r":{"a":0,"k":0,"ix":6},"o":{"a":0,"k":100,"ix":7},"sk":{"a":0,"k":0,"ix":4},"sa":{"a":0,"k":0,"ix":5},"nm":"Transform"}],"nm":"Group 1","np":4,"cix":2,"bm":0,"ix":1,"mn":"ADBE Vector Group","hd":false},{"ty":"gr","it":[{"ind":0,"ty":"sh","ix":1,"ks":{"a":0,"k":{"i":[[0,0],[0,-1.296],[0,0],[-1.295,0],[0,0],[0,1.295],[0,0],[1.296,0]],"o":[[-1.295,0],[0,0],[0,1.295],[0,0],[1.296,0],[0,0],[0,-1.296],[0,0]],"v":[[-44.971,-47.321],[-47.321,-44.971],[-47.321,44.971],[-44.971,47.321],[44.971,47.321],[47.321,44.971],[47.321,-44.971],[44.971,-47.321]],"c":true},"ix":2},"nm":"Path 1","mn":"ADBE Vector Shape - Group","hd":false},{"ind":1,"ty":"sh","ix":2,"ks":{"a":0,"k":{"i":[[8.634,0],[0,0],[0,8.634],[0,0],[-8.634,0],[0,0],[0,-8.634],[0,0]],"o":[[0,0],[-8.634,0],[0,0],[0,-8.634],[0,0],[8.634,0],[0,0],[0,8.634]],"v":[[44.971,60.629],[-44.971,60.629],[-60.629,44.971],[-60.629,-44.971],[-44.971,-60.629],[44.971,-60.629],[60.629,-44.971],[60.629,44.971]],"c":true},"ix":2},"nm":"Path 2","mn":"ADBE Vector Shape - Group","hd":false},{"ty":"mm","mm":1,"nm":"Merge Paths 1","mn":"ADBE Vector Filter - Merge","hd":false},{"ty":"fl","c":{"a":0,"k":[0.008000000785,0.536999990426,0.972999961703,1],"ix":4},"o":{"a":0,"k":100,"ix":5},"r":1,"bm":0,"nm":"Fill 1","mn":"ADBE Vector Graphic - Fill","hd":false},{"ty":"tr","p":{"a":0,"k":[209.823,60.879],"ix":2},"a":{"a":0,"k":[0,0],"ix":1},"s":{"a":1,"k":[{"i":{"x":[0.667,0.667],"y":[1,1]},"o":{"x":[0.333,0.333],"y":[0,0]},"t":4,"s":[100,100]},{"i":{"x":[0.667,0.667],"y":[1,1]},"o":{"x":[0.333,0.333],"y":[0,0]},"t":11,"s":[139,139]},{"i":{"x":[0.667,0.667],"y":[1,1]},"o":{"x":[0.333,0.333],"y":[0,0]},"t":18,"s":[92,92]},{"i":{"x":[0.667,0.667],"y":[1,1]},"o":{"x":[0.333,0.333],"y":[0,0]},"t":23,"s":[106,106]},{"i":{"x":[0.667,0.667],"y":[1,1]},"o":{"x":[0.333,0.333],"y":[0,0]},"t":27,"s":[98,98]},{"i":{"x":[0.667,0.667],"y":[1,1]},"o":{"x":[0.333,0.333],"y":[0,0]},"t":30,"s":[103,103]},{"t":34.0000013848484,"s":[100,100]}],"ix":3},"r":{"a":0,"k":0,"ix":6},"o":{"a":0,"k":100,"ix":7},"sk":{"a":0,"k":0,"ix":4},"sa":{"a":0,"k":0,"ix":5},"nm":"Transform"}],"nm":"Group 2","np":4,"cix":2,"bm":0,"ix":2,"mn":"ADBE Vector Group","hd":false},{"ty":"gr","it":[{"ind":0,"ty":"sh","ix":1,"ks":{"a":0,"k":{"i":[[0,0],[0,-1.296],[0,0],[-1.296,0],[0,0],[0,1.295],[0,0],[1.295,0]],"o":[[-1.296,0],[0,0],[0,1.295],[0,0],[1.295,0],[0,0],[0,-1.296],[0,0]],"v":[[-44.971,-47.321],[-47.321,-44.971],[-47.321,44.971],[-44.971,47.321],[44.971,47.321],[47.321,44.971],[47.321,-44.971],[44.971,-47.321]],"c":true},"ix":2},"nm":"Path 1","mn":"ADBE Vector Shape - Group","hd":false},{"ind":1,"ty":"sh","ix":2,"ks":{"a":0,"k":{"i":[[8.634,0],[0,0],[0,8.634],[0,0],[-8.634,0],[0,0],[0,-8.634],[0,0]],"o":[[0,0],[-8.634,0],[0,0],[0,-8.634],[0,0],[8.634,0],[0,0],[0,8.634]],"v":[[44.971,60.629],[-44.971,60.629],[-60.629,44.971],[-60.629,-44.971],[-44.971,-60.629],[44.971,-60.629],[60.629,-44.971],[60.629,44.971]],"c":true},"ix":2},"nm":"Path 2","mn":"ADBE Vector Shape - Group","hd":false},{"ty":"mm","mm":1,"nm":"Merge Paths 1","mn":"ADBE Vector Filter - Merge","hd":false},{"ty":"fl","c":{"a":0,"k":[0.008000000785,0.536999990426,0.972999961703,1],"ix":4},"o":{"a":0,"k":100,"ix":5},"r":1,"bm":0,"nm":"Fill 1","mn":"ADBE Vector Graphic - Fill","hd":false},{"ty":"tr","p":{"a":0,"k":[60.879,60.879],"ix":2},"a":{"a":0,"k":[0,0],"ix":1},"s":{"a":1,"k":[{"i":{"x":[0.667,0.667],"y":[1,1]},"o":{"x":[0.333,0.333],"y":[0,0]},"t":4,"s":[100,100]},{"i":{"x":[0.667,0.667],"y":[1,1]},"o":{"x":[0.333,0.333],"y":[0,0]},"t":11,"s":[139,139]},{"i":{"x":[0.667,0.667],"y":[1,1]},"o":{"x":[0.333,0.333],"y":[0,0]},"t":18,"s":[92,92]},{"i":{"x":[0.667,0.667],"y":[1,1]},"o":{"x":[0.333,0.333],"y":[0,0]},"t":23,"s":[106,106]},{"i":{"x":[0.667,0.667],"y":[1,1]},"o":{"x":[0.333,0.333],"y":[0,0]},"t":27,"s":[98,98]},{"i":{"x":[0.667,0.667],"y":[1,1]},"o":{"x":[0.333,0.333],"y":[0,0]},"t":30,"s":[103,103]},{"t":34.0000013848484,"s":[100,100]}],"ix":3},"r":{"a":0,"k":0,"ix":6},"o":{"a":0,"k":100,"ix":7},"sk":{"a":0,"k":0,"ix":4},"sa":{"a":0,"k":0,"ix":5},"nm":"Transform"}],"nm":"Group 3","np":4,"cix":2,"bm":0,"ix":3,"mn":"ADBE Vector Group","hd":false},{"ty":"gr","it":[{"ind":0,"ty":"sh","ix":1,"ks":{"a":0,"k":{"i":[[0,0],[0,-1.296],[0,0],[-1.295,0],[0,0],[0,1.295],[0,0],[1.296,0]],"o":[[-1.295,0],[0,0],[0,1.295],[0,0],[1.296,0],[0,0],[0,-1.296],[0,0]],"v":[[-44.971,-47.321],[-47.321,-44.971],[-47.321,44.971],[-44.971,47.321],[44.971,47.321],[47.321,44.971],[47.321,-44.971],[44.971,-47.321]],"c":true},"ix":2},"nm":"Path 1","mn":"ADBE Vector Shape - Group","hd":false},{"ind":1,"ty":"sh","ix":2,"ks":{"a":0,"k":{"i":[[8.634,0],[0,0],[0,8.633],[0,0],[-8.634,0],[0,0],[0,-8.635],[0,0]],"o":[[0,0],[-8.634,0],[0,0],[0,-8.635],[0,0],[8.634,0],[0,0],[0,8.633]],"v":[[44.971,60.629],[-44.971,60.629],[-60.629,44.971],[-60.629,-44.971],[-44.971,-60.63],[44.971,-60.63],[60.63,-44.971],[60.63,44.971]],"c":true},"ix":2},"nm":"Path 2","mn":"ADBE Vector Shape - Group","hd":false},{"ty":"mm","mm":1,"nm":"Merge Paths 1","mn":"ADBE Vector Filter - Merge","hd":false},{"ty":"fl","c":{"a":0,"k":[0.059000000299,0.081999999402,0.328999986836,1],"ix":4},"o":{"a":0,"k":100,"ix":5},"r":1,"bm":0,"nm":"Fill 1","mn":"ADBE Vector Graphic - Fill","hd":false},{"ty":"tr","p":{"a":0,"k":[358.767,209.823],"ix":2},"a":{"a":0,"k":[0,0],"ix":1},"s":{"a":0,"k":[100,100],"ix":3},"r":{"a":0,"k":0,"ix":6},"o":{"a":0,"k":100,"ix":7},"sk":{"a":0,"k":0,"ix":4},"sa":{"a":0,"k":0,"ix":5},"nm":"Transform"}],"nm":"Group 4","np":4,"cix":2,"bm":0,"ix":4,"mn":"ADBE Vector Group","hd":false},{"ty":"gr","it":[{"ind":0,"ty":"sh","ix":1,"ks":{"a":0,"k":{"i":[[0,0],[0,-1.296],[0,0],[-1.295,0],[0,0],[0,1.295],[0,0],[1.296,0]],"o":[[-1.295,0],[0,0],[0,1.295],[0,0],[1.296,0],[0,0],[0,-1.296],[0,0]],"v":[[-44.971,-47.321],[-47.321,-44.971],[-47.321,44.971],[-44.971,47.321],[44.971,47.321],[47.321,44.971],[47.321,-44.971],[44.971,-47.321]],"c":true},"ix":2},"nm":"Path 1","mn":"ADBE Vector Shape - Group","hd":false},{"ind":1,"ty":"sh","ix":2,"ks":{"a":0,"k":{"i":[[8.634,0],[0,0],[0,8.633],[0,0],[-8.634,0],[0,0],[0,-8.635],[0,0]],"o":[[0,0],[-8.634,0],[0,0],[0,-8.635],[0,0],[8.634,0],[0,0],[0,8.633]],"v":[[44.971,60.629],[-44.971,60.629],[-60.629,44.971],[-60.629,-44.971],[-44.971,-60.63],[44.971,-60.63],[60.629,-44.971],[60.629,44.971]],"c":true},"ix":2},"nm":"Path 2","mn":"ADBE Vector Shape - Group","hd":false},{"ty":"mm","mm":1,"nm":"Merge Paths 1","mn":"ADBE Vector Filter - Merge","hd":false},{"ty":"fl","c":{"a":0,"k":[0.008000000785,0.536999990426,0.972999961703,1],"ix":4},"o":{"a":0,"k":100,"ix":5},"r":1,"bm":0,"nm":"Fill 1","mn":"ADBE Vector Graphic - Fill","hd":false},{"ty":"tr","p":{"a":0,"k":[209.823,209.823],"ix":2},"a":{"a":0,"k":[0,0],"ix":1},"s":{"a":1,"k":[{"i":{"x":[0.667,0.667],"y":[1,1]},"o":{"x":[0.333,0.333],"y":[0,0]},"t":4,"s":[100,100]},{"i":{"x":[0.667,0.667],"y":[1,1]},"o":{"x":[0.333,0.333],"y":[0,0]},"t":11,"s":[139,139]},{"i":{"x":[0.667,0.667],"y":[1,1]},"o":{"x":[0.333,0.333],"y":[0,0]},"t":18,"s":[92,92]},{"i":{"x":[0.667,0.667],"y":[1,1]},"o":{"x":[0.333,0.333],"y":[0,0]},"t":23,"s":[106,106]},{"i":{"x":[0.667,0.667],"y":[1,1]},"o":{"x":[0.333,0.333],"y":[0,0]},"t":27,"s":[98,98]},{"i":{"x":[0.667,0.667],"y":[1,1]},"o":{"x":[0.333,0.333],"y":[0,0]},"t":30,"s":[103,103]},{"t":34.0000013848484,"s":[100,100]}],"ix":3},"r":{"a":0,"k":0,"ix":6},"o":{"a":0,"k":100,"ix":7},"sk":{"a":0,"k":0,"ix":4},"sa":{"a":0,"k":0,"ix":5},"nm":"Transform"}],"nm":"Group 5","np":4,"cix":2,"bm":0,"ix":5,"mn":"ADBE Vector Group","hd":false},{"ty":"gr","it":[{"ind":0,"ty":"sh","ix":1,"ks":{"a":0,"k":{"i":[[0,0],[0,-1.296],[0,0],[-1.296,0],[0,0],[0,1.295],[0,0],[1.295,0]],"o":[[-1.296,0],[0,0],[0,1.295],[0,0],[1.295,0],[0,0],[0,-1.296],[0,0]],"v":[[-44.971,-47.321],[-47.321,-44.971],[-47.321,44.971],[-44.971,47.321],[44.971,47.321],[47.321,44.971],[47.321,-44.971],[44.971,-47.321]],"c":true},"ix":2},"nm":"Path 1","mn":"ADBE Vector Shape - Group","hd":false},{"ind":1,"ty":"sh","ix":2,"ks":{"a":0,"k":{"i":[[8.634,0],[0,0],[0,8.633],[0,0],[-8.634,0],[0,0],[0,-8.635],[0,0]],"o":[[0,0],[-8.634,0],[0,0],[0,-8.635],[0,0],[8.634,0],[0,0],[0,8.633]],"v":[[44.971,60.629],[-44.971,60.629],[-60.629,44.971],[-60.629,-44.971],[-44.971,-60.63],[44.971,-60.63],[60.629,-44.971],[60.629,44.971]],"c":true},"ix":2},"nm":"Path 2","mn":"ADBE Vector Shape - Group","hd":false},{"ty":"mm","mm":1,"nm":"Merge Paths 1","mn":"ADBE Vector Filter - Merge","hd":false},{"ty":"fl","c":{"a":0,"k":[0.008000000785,0.536999990426,0.972999961703,1],"ix":4},"o":{"a":0,"k":100,"ix":5},"r":1,"bm":0,"nm":"Fill 1","mn":"ADBE Vector Graphic - Fill","hd":false},{"ty":"tr","p":{"a":0,"k":[60.879,209.823],"ix":2},"a":{"a":0,"k":[0,0],"ix":1},"s":{"a":1,"k":[{"i":{"x":[0.667,0.667],"y":[1,1]},"o":{"x":[0.333,0.333],"y":[0,0]},"t":4,"s":[100,100]},{"i":{"x":[0.667,0.667],"y":[1,1]},"o":{"x":[0.333,0.333],"y":[0,0]},"t":11,"s":[139,139]},{"i":{"x":[0.667,0.667],"y":[1,1]},"o":{"x":[0.333,0.333],"y":[0,0]},"t":18,"s":[92,92]},{"i":{"x":[0.667,0.667],"y":[1,1]},"o":{"x":[0.333,0.333],"y":[0,0]},"t":23,"s":[106,106]},{"i":{"x":[0.667,0.667],"y":[1,1]},"o":{"x":[0.333,0.333],"y":[0,0]},"t":27,"s":[98,98]},{"i":{"x":[0.667,0.667],"y":[1,1]},"o":{"x":[0.333,0.333],"y":[0,0]},"t":30,"s":[103,103]},{"t":34.0000013848484,"s":[100,100]}],"ix":3},"r":{"a":0,"k":0,"ix":6},"o":{"a":0,"k":100,"ix":7},"sk":{"a":0,"k":0,"ix":4},"sa":{"a":0,"k":0,"ix":5},"nm":"Transform"}],"nm":"Group 6","np":4,"cix":2,"bm":0,"ix":6,"mn":"ADBE Vector Group","hd":false},{"ty":"gr","it":[{"ind":0,"ty":"sh","ix":1,"ks":{"a":0,"k":{"i":[[0,0],[0,-1.296],[0,0],[-1.295,0],[0,0],[0,1.296],[0,0],[1.296,0]],"o":[[-1.295,0],[0,0],[0,1.296],[0,0],[1.296,0],[0,0],[0,-1.296],[0,0]],"v":[[-44.971,-47.32],[-47.321,-44.97],[-47.321,44.971],[-44.971,47.322],[44.971,47.322],[47.321,44.971],[47.321,-44.97],[44.971,-47.32]],"c":true},"ix":2},"nm":"Path 1","mn":"ADBE Vector Shape - Group","hd":false},{"ind":1,"ty":"sh","ix":2,"ks":{"a":0,"k":{"i":[[8.634,0],[0,0],[0,8.635],[0,0],[-8.634,0],[0,0],[0,-8.634],[0,0]],"o":[[0,0],[-8.634,0],[0,0],[0,-8.634],[0,0],[8.634,0],[0,0],[0,8.635]],"v":[[44.971,60.63],[-44.971,60.63],[-60.629,44.971],[-60.629,-44.97],[-44.971,-60.629],[44.971,-60.629],[60.63,-44.97],[60.63,44.971]],"c":true},"ix":2},"nm":"Path 2","mn":"ADBE Vector Shape - Group","hd":false},{"ty":"mm","mm":1,"nm":"Merge Paths 1","mn":"ADBE Vector Filter - Merge","hd":false},{"ty":"fl","c":{"a":0,"k":[0.059000000299,0.081999999402,0.328999986836,1],"ix":4},"o":{"a":0,"k":100,"ix":5},"r":1,"bm":0,"nm":"Fill 1","mn":"ADBE Vector Graphic - Fill","hd":false},{"ty":"tr","p":{"a":0,"k":[358.767,358.767],"ix":2},"a":{"a":0,"k":[0,0],"ix":1},"s":{"a":0,"k":[100,100],"ix":3},"r":{"a":0,"k":0,"ix":6},"o":{"a":0,"k":100,"ix":7},"sk":{"a":0,"k":0,"ix":4},"sa":{"a":0,"k":0,"ix":5},"nm":"Transform"}],"nm":"Group 7","np":4,"cix":2,"bm":0,"ix":7,"mn":"ADBE Vector Group","hd":false},{"ty":"gr","it":[{"ind":0,"ty":"sh","ix":1,"ks":{"a":0,"k":{"i":[[0,0],[0,-1.296],[0,0],[-1.295,0],[0,0],[0,1.296],[0,0],[1.296,0]],"o":[[-1.295,0],[0,0],[0,1.296],[0,0],[1.296,0],[0,0],[0,-1.296],[0,0]],"v":[[-44.971,-47.32],[-47.321,-44.97],[-47.321,44.971],[-44.971,47.322],[44.971,47.322],[47.321,44.971],[47.321,-44.97],[44.971,-47.32]],"c":true},"ix":2},"nm":"Path 1","mn":"ADBE Vector Shape - Group","hd":false},{"ind":1,"ty":"sh","ix":2,"ks":{"a":0,"k":{"i":[[8.634,0],[0,0],[0,8.635],[0,0],[-8.634,0],[0,0],[0,-8.634],[0,0]],"o":[[0,0],[-8.634,0],[0,0],[0,-8.634],[0,0],[8.634,0],[0,0],[0,8.635]],"v":[[44.971,60.63],[-44.971,60.63],[-60.629,44.971],[-60.629,-44.97],[-44.971,-60.629],[44.971,-60.629],[60.629,-44.97],[60.629,44.971]],"c":true},"ix":2},"nm":"Path 2","mn":"ADBE Vector Shape - Group","hd":false},{"ty":"mm","mm":1,"nm":"Merge Paths 1","mn":"ADBE Vector Filter - Merge","hd":false},{"ty":"fl","c":{"a":0,"k":[0.059000000299,0.081999999402,0.328999986836,1],"ix":4},"o":{"a":0,"k":100,"ix":5},"r":1,"bm":0,"nm":"Fill 1","mn":"ADBE Vector Graphic - Fill","hd":false},{"ty":"tr","p":{"a":0,"k":[209.823,358.767],"ix":2},"a":{"a":0,"k":[0,0],"ix":1},"s":{"a":0,"k":[100,100],"ix":3},"r":{"a":0,"k":0,"ix":6},"o":{"a":0,"k":100,"ix":7},"sk":{"a":0,"k":0,"ix":4},"sa":{"a":0,"k":0,"ix":5},"nm":"Transform"}],"nm":"Group 8","np":4,"cix":2,"bm":0,"ix":8,"mn":"ADBE Vector Group","hd":false},{"ty":"gr","it":[{"ind":0,"ty":"sh","ix":1,"ks":{"a":0,"k":{"i":[[0,0],[0,-1.296],[0,0],[-1.296,0],[0,0],[0,1.296],[0,0],[1.295,0]],"o":[[-1.296,0],[0,0],[0,1.296],[0,0],[1.295,0],[0,0],[0,-1.296],[0,0]],"v":[[-44.971,-47.32],[-47.321,-44.97],[-47.321,44.971],[-44.971,47.322],[44.971,47.322],[47.321,44.971],[47.321,-44.97],[44.971,-47.32]],"c":true},"ix":2},"nm":"Path 1","mn":"ADBE Vector Shape - Group","hd":false},{"ind":1,"ty":"sh","ix":2,"ks":{"a":0,"k":{"i":[[8.634,0],[0,0],[0,8.635],[0,0],[-8.634,0],[0,0],[0,-8.634],[0,0]],"o":[[0,0],[-8.634,0],[0,0],[0,-8.634],[0,0],[8.634,0],[0,0],[0,8.635]],"v":[[44.971,60.63],[-44.971,60.63],[-60.629,44.971],[-60.629,-44.97],[-44.971,-60.629],[44.971,-60.629],[60.629,-44.97],[60.629,44.971]],"c":true},"ix":2},"nm":"Path 2","mn":"ADBE Vector Shape - Group","hd":false},{"ty":"mm","mm":1,"nm":"Merge Paths 1","mn":"ADBE Vector Filter - Merge","hd":false},{"ty":"fl","c":{"a":0,"k":[0.059000000299,0.081999999402,0.328999986836,1],"ix":4},"o":{"a":0,"k":100,"ix":5},"r":1,"bm":0,"nm":"Fill 1","mn":"ADBE Vector Graphic - Fill","hd":false},{"ty":"tr","p":{"a":0,"k":[60.879,358.767],"ix":2},"a":{"a":0,"k":[0,0],"ix":1},"s":{"a":0,"k":[100,100],"ix":3},"r":{"a":0,"k":0,"ix":6},"o":{"a":0,"k":100,"ix":7},"sk":{"a":0,"k":0,"ix":4},"sa":{"a":0,"k":0,"ix":5},"nm":"Transform"}],"nm":"Group 9","np":4,"cix":2,"bm":0,"ix":9,"mn":"ADBE Vector Group","hd":false}],"ip":0,"op":900.000036657751,"st":0,"bm":0}],"markers":[]}