{"v":"5.4.3","fr":30,"ip":0,"op":90,"w":2048,"h":2048,"nm":"roadmap_open","ddd":0,"assets":[],"layers":[{"ddd":0,"ind":1,"ty":4,"nm":"Layer 6","sr":1,"ks":{"o":{"a":0,"k":100,"ix":11},"r":{"a":0,"k":0,"ix":10},"p":{"a":0,"k":[1014.76,1023.931,0],"ix":2},"a":{"a":0,"k":[-2.31,-0.017,0],"ix":1},"s":{"a":0,"k":[400,400,100],"ix":6}},"ao":0,"shapes":[{"ty":"gr","it":[{"ind":0,"ty":"sh","ix":1,"ks":{"a":0,"k":{"i":[[0,0],[0,0],[0,19.8],[0,0],[19.8,0],[0,0],[0,0],[0,0],[0,19.8],[0,0],[-19.8,0],[0,0]],"o":[[0,0],[19.8,0],[0,0],[0,-19.8],[0,0],[0,0],[0,0],[-19.8,0],[0,0],[0,-19.8],[0,0],[0,0]],"v":[[-94.109,117],[137.54,117],[173.54,81],[173.54,35.965],[137.54,-0.035],[134.894,-0.035],[-139.514,0],[-142.16,0],[-178.16,-36],[-178.16,-81.035],[-142.16,-117.035],[47,-116.512]],"c":false},"ix":2},"nm":"Path 1","mn":"ADBE Vector Shape - Group","hd":false},{"ty":"st","c":{"a":0,"k":[0.035294119269,0.078431375325,0.250980407,1],"ix":3},"o":{"a":0,"k":100,"ix":4},"w":{"a":0,"k":24,"ix":5},"lc":1,"lj":1,"ml":10,"ml2":{"a":0,"k":10,"ix":8},"bm":0,"nm":"Stroke 1","mn":"ADBE Vector Graphic - Stroke","hd":false},{"ty":"tr","p":{"a":0,"k":[0,0],"ix":2},"a":{"a":0,"k":[0,0],"ix":1},"s":{"a":0,"k":[100,100],"ix":3},"r":{"a":0,"k":0,"ix":6},"o":{"a":0,"k":100,"ix":7},"sk":{"a":0,"k":0,"ix":4},"sa":{"a":0,"k":0,"ix":5},"nm":"Transform"}],"nm":"Group 1","np":2,"cix":2,"bm":0,"ix":1,"mn":"ADBE Vector Group","hd":false},{"ty":"tm","s":{"a":0,"k":0,"ix":1},"e":{"a":1,"k":[{"i":{"x":[0.34],"y":[1]},"o":{"x":[0.66],"y":[0]},"n":["0p34_1_0p66_0"],"t":15,"s":[0],"e":[100]},{"t":70}],"ix":2},"o":{"a":0,"k":0,"ix":3},"m":1,"ix":2,"nm":"Trim Paths 1","mn":"ADBE Vector Filter - Trim","hd":false}],"ip":0,"op":91,"st":0,"bm":0},{"ddd":0,"ind":2,"ty":4,"nm":"Layer 4","sr":1,"ks":{"o":{"a":0,"k":100,"ix":11},"r":{"a":0,"k":0,"ix":10},"p":{"a":0,"k":[1024.001,977.199,0],"ix":2},"a":{"a":0,"k":[-2400,588.3,0],"ix":1},"s":{"a":0,"k":[400,400,100],"ix":6}},"ao":0,"shapes":[{"ty":"gr","it":[{"ind":0,"ty":"sh","ix":1,"ks":{"a":1,"k":[{"i":{"x":0.24,"y":1},"o":{"x":0.76,"y":0},"n":"0p24_1_0p76_0","t":65,"s":[{"i":[[0,0],[0,0],[0,0]],"o":[[0,0],[0,0],[0,0]],"v":[[-2353.4,482.827],[-2353.172,482.861],[-2353.4,482.853]],"c":true}],"e":[{"i":[[0,0],[0,0],[0,0]],"o":[[0,0],[0,0],[0,0]],"v":[[-2353.45,518.077],[-2306.422,482.965],[-2353.45,447.853]],"c":true}]},{"t":75}],"ix":2},"nm":"Path 2","mn":"ADBE Vector Shape - Group","hd":false},{"ty":"fl","c":{"a":0,"k":[0.035294119269,0.078431375325,0.250980407,1],"ix":4},"o":{"a":0,"k":100,"ix":5},"r":1,"bm":0,"nm":"Fill 1","mn":"ADBE Vector Graphic - Fill","hd":false},{"ty":"tr","p":{"a":0,"k":[0,0],"ix":2},"a":{"a":0,"k":[0,0],"ix":1},"s":{"a":0,"k":[100,100],"ix":3},"r":{"a":0,"k":0,"ix":6},"o":{"a":0,"k":100,"ix":7},"sk":{"a":0,"k":0,"ix":4},"sa":{"a":0,"k":0,"ix":5},"nm":"Transform"}],"nm":"Group 4","np":2,"cix":2,"bm":0,"ix":1,"mn":"ADBE Vector Group","hd":false}],"ip":0,"op":91,"st":0,"bm":0},{"ddd":0,"ind":3,"ty":4,"nm":"outer_dot","sr":1,"ks":{"o":{"a":0,"k":100,"ix":11},"r":{"a":0,"k":0,"ix":10},"p":{"a":0,"k":[1631.965,555.861,0],"ix":2},"a":{"a":0,"k":[-2248.009,482.965,0],"ix":1},"s":{"a":1,"k":[{"i":{"x":[0.24,0.24,0.24],"y":[1,1,1]},"o":{"x":[0.76,0.76,0.76],"y":[0,0,0]},"n":["0p24_1_0p76_0","0p24_1_0p76_0","0p24_1_0p76_0"],"t":40,"s":[0,0,100],"e":[400,400,100]},{"t":50}],"ix":6}},"ao":0,"shapes":[{"ty":"gr","it":[{"ind":0,"ty":"sh","ix":1,"ks":{"a":0,"k":{"i":[[-9.676,0],[0,-9.676],[9.677,0],[0,9.677]],"o":[[9.677,0],[0,9.677],[-9.676,0],[0,-9.676]],"v":[[-2248.009,465.417],[-2230.46,482.965],[-2248.009,500.514],[-2265.557,482.965]],"c":true},"ix":2},"nm":"Path 1","mn":"ADBE Vector Shape - Group","hd":false},{"ind":1,"ty":"sh","ix":2,"ks":{"a":0,"k":{"i":[[0,-0.038],[-0.713,-2.771],[-16.36,0],[-3.899,15.143],[-0.01,2.992],[0,0.038],[0.686,2.74],[0.019,0.074],[16.36,0],[3.899,-15.142],[0.019,-0.074],[0,-2.952]],"o":[[0.01,2.992],[3.898,15.143],[16.36,0],[0.713,-2.771],[0,-0.038],[0,-2.952],[-0.019,-0.074],[-3.899,-15.142],[-16.359,0],[-0.019,0.074],[-0.686,2.74],[0,0.038]],"v":[[-2283.117,483.078],[-2282.014,491.746],[-2248.009,518.077],[-2214.004,491.746],[-2212.9,483.078],[-2212.897,482.965],[-2213.954,474.409],[-2214.004,474.184],[-2248.009,447.853],[-2282.013,474.184],[-2282.064,474.409],[-2283.121,482.965]],"c":true},"ix":2},"nm":"Path 2","mn":"ADBE Vector Shape - Group","hd":false},{"ty":"fl","c":{"a":0,"k":[0.768627464771,0.796078443527,0.823529422283,1],"ix":4},"o":{"a":0,"k":100,"ix":5},"r":1,"bm":0,"nm":"Fill 1","mn":"ADBE Vector Graphic - Fill","hd":false},{"ty":"tr","p":{"a":0,"k":[0,0],"ix":2},"a":{"a":0,"k":[0,0],"ix":1},"s":{"a":0,"k":[100,100],"ix":3},"r":{"a":0,"k":0,"ix":6},"o":{"a":0,"k":100,"ix":7},"sk":{"a":0,"k":0,"ix":4},"sa":{"a":0,"k":0,"ix":5},"nm":"Transform"}],"nm":"Group 3","np":3,"cix":2,"bm":0,"ix":1,"mn":"ADBE Vector Group","hd":false}],"ip":0,"op":91,"st":0,"bm":0},{"ddd":0,"ind":4,"ty":4,"nm":"inner_dot","sr":1,"ks":{"o":{"a":0,"k":100,"ix":11},"r":{"a":0,"k":0,"ix":10},"p":{"a":0,"k":[1631.965,555.861,0],"ix":2},"a":{"a":0,"k":[-2248.009,482.965,0],"ix":1},"s":{"a":1,"k":[{"i":{"x":[0.24,0.24,0.24],"y":[1,1,1]},"o":{"x":[0.76,0.76,0.76],"y":[0,0,0]},"n":["0p24_1_0p76_0","0p24_1_0p76_0","0p24_1_0p76_0"],"t":40,"s":[0,0,100],"e":[440,440,100]},{"i":{"x":[0.833,0.833,0.833],"y":[1,1,1]},"o":{"x":[0.167,0.167,0.167],"y":[0,0,0]},"n":["0p833_1_0p167_0","0p833_1_0p167_0","0p833_1_0p167_0"],"t":50,"s":[440,440,100],"e":[400,400,100]},{"t":55}],"ix":6}},"ao":0,"shapes":[{"ty":"gr","it":[{"ind":0,"ty":"sh","ix":1,"ks":{"a":0,"k":{"i":[[0,14.58],[14.58,0],[0,-14.58],[-14.58,0]],"o":[[0,-14.58],[-14.58,0],[0,14.58],[14.58,0]],"v":[[-2221.61,482.965],[-2248.009,456.566],[-2274.408,482.965],[-2248.009,509.364]],"c":true},"ix":2},"nm":"Path 1","mn":"ADBE Vector Shape - Group","hd":false},{"ty":"fl","c":{"a":0,"k":[0.035294119269,0.078431375325,0.250980407,1],"ix":4},"o":{"a":0,"k":100,"ix":5},"r":1,"bm":0,"nm":"Fill 1","mn":"ADBE Vector Graphic - Fill","hd":false},{"ty":"tr","p":{"a":0,"k":[0,0],"ix":2},"a":{"a":0,"k":[0,0],"ix":1},"s":{"a":0,"k":[100,100],"ix":3},"r":{"a":0,"k":0,"ix":6},"o":{"a":0,"k":100,"ix":7},"sk":{"a":0,"k":0,"ix":4},"sa":{"a":0,"k":0,"ix":5},"nm":"Transform"}],"nm":"Group 5","np":2,"cix":2,"bm":0,"ix":1,"mn":"ADBE Vector Group","hd":false}],"ip":0,"op":91,"st":0,"bm":0},{"ddd":0,"ind":5,"ty":4,"nm":"Layer 1","sr":1,"ks":{"o":{"a":0,"k":100,"ix":11},"r":{"a":0,"k":0,"ix":10},"p":{"a":0,"k":[414.762,1492.139,0],"ix":2},"a":{"a":0,"k":[-2552.31,717.035,0],"ix":1},"s":{"a":1,"k":[{"i":{"x":[0.24,0.24,0.24],"y":[1,1,1]},"o":{"x":[0.76,0.76,0.76],"y":[0,0,0]},"n":["0p24_1_0p76_0","0p24_1_0p76_0","0p24_1_0p76_0"],"t":5,"s":[0,0,100],"e":[440,440,100]},{"i":{"x":[0.833,0.833,0.833],"y":[1,1,1]},"o":{"x":[0.167,0.167,0.167],"y":[0,0,0]},"n":["0p833_1_0p167_0","0p833_1_0p167_0","0p833_1_0p167_0"],"t":15,"s":[440,440,100],"e":[400,400,100]},{"t":20}],"ix":6}},"ao":0,"shapes":[{"ty":"gr","it":[{"ind":0,"ty":"sh","ix":1,"ks":{"a":0,"k":{"i":[[-9.677,0],[0,-9.676],[9.677,0],[0,9.677]],"o":[[9.677,0],[0,9.677],[-9.677,0],[0,-9.676]],"v":[[-2552.31,699.486],[-2534.761,717.035],[-2552.31,734.583],[-2569.858,717.035]],"c":true},"ix":2},"nm":"Path 1","mn":"ADBE Vector Shape - Group","hd":false},{"ind":1,"ty":"sh","ix":2,"ks":{"a":0,"k":{"i":[[0,-0.038],[-0.713,-2.771],[-16.36,0],[-3.899,15.143],[-0.01,2.992],[0,0.038],[0.686,2.739],[0.019,0.074],[16.36,0],[3.899,-15.142],[0.019,-0.075],[0,-2.952]],"o":[[0.01,2.992],[3.899,15.143],[16.36,0],[0.713,-2.771],[0,-0.038],[0,-2.952],[-0.019,-0.075],[-3.899,-15.142],[-16.36,0],[-0.019,0.074],[-0.686,2.739],[0,0.038]],"v":[[-2587.418,717.148],[-2586.315,725.815],[-2552.31,752.147],[-2518.304,725.815],[-2517.201,717.148],[-2517.198,717.035],[-2518.254,708.478],[-2518.305,708.253],[-2552.31,681.923],[-2586.314,708.253],[-2586.365,708.478],[-2587.421,717.035]],"c":true},"ix":2},"nm":"Path 2","mn":"ADBE Vector Shape - Group","hd":false},{"ty":"fl","c":{"a":0,"k":[0.035294119269,0.078431375325,0.250980407,1],"ix":4},"o":{"a":0,"k":100,"ix":5},"r":1,"bm":0,"nm":"Fill 1","mn":"ADBE Vector Graphic - Fill","hd":false},{"ty":"tr","p":{"a":0,"k":[0,0],"ix":2},"a":{"a":0,"k":[0,0],"ix":1},"s":{"a":0,"k":[100,100],"ix":3},"r":{"a":0,"k":0,"ix":6},"o":{"a":0,"k":100,"ix":7},"sk":{"a":0,"k":0,"ix":4},"sa":{"a":0,"k":0,"ix":5},"nm":"Transform"}],"nm":"Group 1","np":3,"cix":2,"bm":0,"ix":1,"mn":"ADBE Vector Group","hd":false}],"ip":0,"op":91,"st":0,"bm":0},{"ddd":0,"ind":6,"ty":4,"nm":"Layer 2","sr":1,"ks":{"o":{"a":0,"k":100,"ix":11},"r":{"a":0,"k":0,"ix":10},"p":{"a":0,"k":[-10209.238,2868.138,0],"ix":2},"a":{"a":0,"k":[-2552.31,717.035,0],"ix":1},"s":{"a":1,"k":[{"i":{"x":[0.24,0.24,0.24],"y":[1,1,1]},"o":{"x":[0.76,0.76,0.76],"y":[0,0,0]},"n":["0p24_1_0p76_0","0p24_1_0p76_0","0p24_1_0p76_0"],"t":5,"s":[0,0,100],"e":[400,400,100]},{"t":15}],"ix":6}},"ao":0,"shapes":[{"ty":"gr","it":[{"ind":0,"ty":"sh","ix":1,"ks":{"a":0,"k":{"i":[[0,16.932],[16.932,0],[0,-16.932],[-16.932,0]],"o":[[0,-16.932],[-16.932,0],[0,16.932],[16.932,0]],"v":[[-2521.652,717.035],[-2552.31,686.377],[-2582.967,717.035],[-2552.31,747.692]],"c":true},"ix":2},"nm":"Path 1","mn":"ADBE Vector Shape - Group","hd":false},{"ty":"fl","c":{"a":0,"k":[0.768627464771,0.796078443527,0.823529422283,1],"ix":4},"o":{"a":0,"k":100,"ix":5},"r":1,"bm":0,"nm":"Fill 1","mn":"ADBE Vector Graphic - Fill","hd":false},{"ty":"tr","p":{"a":0,"k":[0,0],"ix":2},"a":{"a":0,"k":[0,0],"ix":1},"s":{"a":0,"k":[100,100],"ix":3},"r":{"a":0,"k":0,"ix":6},"o":{"a":0,"k":100,"ix":7},"sk":{"a":0,"k":0,"ix":4},"sa":{"a":0,"k":0,"ix":5},"nm":"Transform"}],"nm":"Group 2","np":2,"cix":2,"bm":0,"ix":1,"mn":"ADBE Vector Group","hd":false}],"ip":0,"op":91,"st":0,"bm":0}],"markers":[]}