{"v":"5.5.7","fr":30,"ip":0,"op":150,"w":200,"h":200,"nm":"Speed","ddd":0,"assets":[],"fonts":{"list":[{"origin":1,"fPath":"<link href=\"https://fonts.googleapis.com/css?family=Roboto:300&display=swap\" rel=\"stylesheet\">","fClass":"font-family: 'Roboto', sans-serif;","fFamily":"Roboto","fWeight":"","fStyle":"Light","fName":"Roboto-Light","ascent":76.209340820089}]},"layers":[{"ddd":0,"ind":1,"ty":5,"nm":"Text","sr":1,"ks":{"o":{"a":0,"k":100,"ix":11},"r":{"a":0,"k":0,"ix":10},"p":{"a":0,"k":[100,168,0],"ix":2},"a":{"a":0,"k":[-0.012,-8.531,0],"ix":1},"s":{"a":0,"k":[100,100,100],"ix":6}},"ao":0,"t":{"d":{"k":[{"s":{"s":24,"f":"Roboto-Light","t":"0%","j":2,"tr":0,"lh":28.8,"ls":0,"fc":[0,0,0],"sc":[0,0,0],"sw":0.00999999977648,"of":false},"t":0},{"s":{"s":24,"f":"Roboto-Light","t":"1%","j":2,"tr":0,"lh":28.8,"ls":0,"fc":[0,0,0],"sc":[0,0,0],"sw":0.00999999977648,"of":false},"t":1},{"s":{"s":24,"f":"Roboto-Light","t":"2%","j":2,"tr":0,"lh":28.8,"ls":0,"fc":[0,0,0],"sc":[0,0,0],"sw":0.00999999977648,"of":false},"t":2},{"s":{"s":24,"f":"Roboto-Light","t":"3%","j":2,"tr":0,"lh":28.8,"ls":0,"fc":[0,0,0],"sc":[0,0,0],"sw":0.00999999977648,"of":false},"t":3},{"s":{"s":24,"f":"Roboto-Light","t":"4%","j":2,"tr":0,"lh":28.8,"ls":0,"fc":[0,0,0],"sc":[0,0,0],"sw":0.00999999977648,"of":false},"t":4},{"s":{"s":24,"f":"Roboto-Light","t":"5%","j":2,"tr":0,"lh":28.8,"ls":0,"fc":[0,0,0],"sc":[0,0,0],"sw":0.00999999977648,"of":false},"t":5},{"s":{"s":24,"f":"Roboto-Light","t":"6%","j":2,"tr":0,"lh":28.8,"ls":0,"fc":[0,0,0],"sc":[0,0,0],"sw":0.00999999977648,"of":false},"t":6},{"s":{"s":24,"f":"Roboto-Light","t":"7%","j":2,"tr":0,"lh":28.8,"ls":0,"fc":[0,0,0],"sc":[0,0,0],"sw":0.00999999977648,"of":false},"t":7},{"s":{"s":24,"f":"Roboto-Light","t":"9%","j":2,"tr":0,"lh":28.8,"ls":0,"fc":[0,0,0],"sc":[0,0,0],"sw":0.00999999977648,"of":false},"t":8},{"s":{"s":24,"f":"Roboto-Light","t":"10%","j":2,"tr":0,"lh":28.8,"ls":0,"fc":[0,0,0],"sc":[0,0,0],"sw":0.00999999977648,"of":false},"t":9},{"s":{"s":24,"f":"Roboto-Light","t":"12%","j":2,"tr":0,"lh":28.8,"ls":0,"fc":[0,0,0],"sc":[0,0,0],"sw":0.00999999977648,"of":false},"t":10},{"s":{"s":24,"f":"Roboto-Light","t":"13%","j":2,"tr":0,"lh":28.8,"ls":0,"fc":[0,0,0],"sc":[0,0,0],"sw":0.00999999977648,"of":false},"t":11},{"s":{"s":24,"f":"Roboto-Light","t":"15%","j":2,"tr":0,"lh":28.8,"ls":0,"fc":[0,0,0],"sc":[0,0,0],"sw":0.00999999977648,"of":false},"t":12},{"s":{"s":24,"f":"Roboto-Light","t":"17%","j":2,"tr":0,"lh":28.8,"ls":0,"fc":[0,0,0],"sc":[0,0,0],"sw":0.00999999977648,"of":false},"t":13},{"s":{"s":24,"f":"Roboto-Light","t":"19%","j":2,"tr":0,"lh":28.8,"ls":0,"fc":[0,0,0],"sc":[0,0,0],"sw":0.00999999977648,"of":false},"t":14},{"s":{"s":24,"f":"Roboto-Light","t":"21%","j":2,"tr":0,"lh":28.8,"ls":0,"fc":[0,0,0],"sc":[0,0,0],"sw":0.00999999977648,"of":false},"t":15},{"s":{"s":24,"f":"Roboto-Light","t":"23%","j":2,"tr":0,"lh":28.8,"ls":0,"fc":[0,0,0],"sc":[0,0,0],"sw":0.00999999977648,"of":false},"t":16},{"s":{"s":24,"f":"Roboto-Light","t":"25%","j":2,"tr":0,"lh":28.8,"ls":0,"fc":[0,0,0],"sc":[0,0,0],"sw":0.00999999977648,"of":false},"t":17},{"s":{"s":24,"f":"Roboto-Light","t":"28%","j":2,"tr":0,"lh":28.8,"ls":0,"fc":[0,0,0],"sc":[0,0,0],"sw":0.00999999977648,"of":false},"t":18},{"s":{"s":24,"f":"Roboto-Light","t":"30%","j":2,"tr":0,"lh":28.8,"ls":0,"fc":[0,0,0],"sc":[0,0,0],"sw":0.00999999977648,"of":false},"t":19},{"s":{"s":24,"f":"Roboto-Light","t":"33%","j":2,"tr":0,"lh":28.8,"ls":0,"fc":[0,0,0],"sc":[0,0,0],"sw":0.00999999977648,"of":false},"t":20},{"s":{"s":24,"f":"Roboto-Light","t":"35%","j":2,"tr":0,"lh":28.8,"ls":0,"fc":[0,0,0],"sc":[0,0,0],"sw":0.00999999977648,"of":false},"t":21},{"s":{"s":24,"f":"Roboto-Light","t":"38%","j":2,"tr":0,"lh":28.8,"ls":0,"fc":[0,0,0],"sc":[0,0,0],"sw":0.00999999977648,"of":false},"t":22},{"s":{"s":24,"f":"Roboto-Light","t":"41%","j":2,"tr":0,"lh":28.8,"ls":0,"fc":[0,0,0],"sc":[0,0,0],"sw":0.00999999977648,"of":false},"t":23},{"s":{"s":24,"f":"Roboto-Light","t":"43%","j":2,"tr":0,"lh":28.8,"ls":0,"fc":[0,0,0],"sc":[0,0,0],"sw":0.00999999977648,"of":false},"t":24},{"s":{"s":24,"f":"Roboto-Light","t":"46%","j":2,"tr":0,"lh":28.8,"ls":0,"fc":[0,0,0],"sc":[0,0,0],"sw":0.00999999977648,"of":false},"t":25},{"s":{"s":24,"f":"Roboto-Light","t":"48%","j":2,"tr":0,"lh":28.8,"ls":0,"fc":[0,0,0],"sc":[0,0,0],"sw":0.00999999977648,"of":false},"t":26},{"s":{"s":24,"f":"Roboto-Light","t":"51%","j":2,"tr":0,"lh":28.8,"ls":0,"fc":[0,0,0],"sc":[0,0,0],"sw":0.00999999977648,"of":false},"t":27},{"s":{"s":24,"f":"Roboto-Light","t":"53%","j":2,"tr":0,"lh":28.8,"ls":0,"fc":[0,0,0],"sc":[0,0,0],"sw":0.00999999977648,"of":false},"t":28},{"s":{"s":24,"f":"Roboto-Light","t":"55%","j":2,"tr":0,"lh":28.8,"ls":0,"fc":[0,0,0],"sc":[0,0,0],"sw":0.00999999977648,"of":false},"t":29},{"s":{"s":24,"f":"Roboto-Light","t":"57%","j":2,"tr":0,"lh":28.8,"ls":0,"fc":[0,0,0],"sc":[0,0,0],"sw":0.00999999977648,"of":false},"t":30},{"s":{"s":24,"f":"Roboto-Light","t":"59%","j":2,"tr":0,"lh":28.8,"ls":0,"fc":[0,0,0],"sc":[0,0,0],"sw":0.00999999977648,"of":false},"t":31},{"s":{"s":24,"f":"Roboto-Light","t":"60%","j":2,"tr":0,"lh":28.8,"ls":0,"fc":[0,0,0],"sc":[0,0,0],"sw":0.00999999977648,"of":false},"t":32},{"s":{"s":24,"f":"Roboto-Light","t":"62%","j":2,"tr":0,"lh":28.8,"ls":0,"fc":[0,0,0],"sc":[0,0,0],"sw":0.00999999977648,"of":false},"t":33},{"s":{"s":24,"f":"Roboto-Light","t":"64%","j":2,"tr":0,"lh":28.8,"ls":0,"fc":[0,0,0],"sc":[0,0,0],"sw":0.00999999977648,"of":false},"t":34},{"s":{"s":24,"f":"Roboto-Light","t":"65%","j":2,"tr":0,"lh":28.8,"ls":0,"fc":[0,0,0],"sc":[0,0,0],"sw":0.00999999977648,"of":false},"t":35},{"s":{"s":24,"f":"Roboto-Light","t":"66%","j":2,"tr":0,"lh":28.8,"ls":0,"fc":[0,0,0],"sc":[0,0,0],"sw":0.00999999977648,"of":false},"t":36},{"s":{"s":24,"f":"Roboto-Light","t":"68%","j":2,"tr":0,"lh":28.8,"ls":0,"fc":[0,0,0],"sc":[0,0,0],"sw":0.00999999977648,"of":false},"t":37},{"s":{"s":24,"f":"Roboto-Light","t":"69%","j":2,"tr":0,"lh":28.8,"ls":0,"fc":[0,0,0],"sc":[0,0,0],"sw":0.00999999977648,"of":false},"t":38},{"s":{"s":24,"f":"Roboto-Light","t":"70%","j":2,"tr":0,"lh":28.8,"ls":0,"fc":[0,0,0],"sc":[0,0,0],"sw":0.00999999977648,"of":false},"t":39},{"s":{"s":24,"f":"Roboto-Light","t":"71%","j":2,"tr":0,"lh":28.8,"ls":0,"fc":[0,0,0],"sc":[0,0,0],"sw":0.00999999977648,"of":false},"t":40},{"s":{"s":24,"f":"Roboto-Light","t":"72%","j":2,"tr":0,"lh":28.8,"ls":0,"fc":[0,0,0],"sc":[0,0,0],"sw":0.00999999977648,"of":false},"t":41},{"s":{"s":24,"f":"Roboto-Light","t":"73%","j":2,"tr":0,"lh":28.8,"ls":0,"fc":[0,0,0],"sc":[0,0,0],"sw":0.00999999977648,"of":false},"t":42},{"s":{"s":24,"f":"Roboto-Light","t":"74%","j":2,"tr":0,"lh":28.8,"ls":0,"fc":[0,0,0],"sc":[0,0,0],"sw":0.00999999977648,"of":false},"t":43},{"s":{"s":24,"f":"Roboto-Light","t":"75%","j":2,"tr":0,"lh":28.8,"ls":0,"fc":[0,0,0],"sc":[0,0,0],"sw":0.00999999977648,"of":false},"t":44},{"s":{"s":24,"f":"Roboto-Light","t":"76%","j":2,"tr":0,"lh":28.8,"ls":0,"fc":[0,0,0],"sc":[0,0,0],"sw":0.00999999977648,"of":false},"t":45},{"s":{"s":24,"f":"Roboto-Light","t":"77%","j":2,"tr":0,"lh":28.8,"ls":0,"fc":[0,0,0],"sc":[0,0,0],"sw":0.00999999977648,"of":false},"t":46},{"s":{"s":24,"f":"Roboto-Light","t":"77%","j":2,"tr":0,"lh":28.8,"ls":0,"fc":[0,0,0],"sc":[0,0,0],"sw":0.00999999977648,"of":false},"t":47},{"s":{"s":24,"f":"Roboto-Light","t":"78%","j":2,"tr":0,"lh":28.8,"ls":0,"fc":[0,0,0],"sc":[0,0,0],"sw":0.00999999977648,"of":false},"t":48},{"s":{"s":24,"f":"Roboto-Light","t":"79%","j":2,"tr":0,"lh":28.8,"ls":0,"fc":[0,0,0],"sc":[0,0,0],"sw":0.00999999977648,"of":false},"t":49},{"s":{"s":24,"f":"Roboto-Light","t":"79%","j":2,"tr":0,"lh":28.8,"ls":0,"fc":[0,0,0],"sc":[0,0,0],"sw":0.00999999977648,"of":false},"t":50},{"s":{"s":24,"f":"Roboto-Light","t":"82%","j":2,"tr":0,"lh":28.8,"ls":0,"fc":[0,0,0],"sc":[0,0,0],"sw":0.00999999977648,"of":false},"t":51},{"s":{"s":24,"f":"Roboto-Light","t":"82%","j":2,"tr":0,"lh":28.8,"ls":0,"fc":[0,0,0],"sc":[0,0,0],"sw":0.00999999977648,"of":false},"t":52},{"s":{"s":24,"f":"Roboto-Light","t":"82%","j":2,"tr":0,"lh":28.8,"ls":0,"fc":[0,0,0],"sc":[0,0,0],"sw":0.00999999977648,"of":false},"t":53},{"s":{"s":24,"f":"Roboto-Light","t":"81%","j":2,"tr":0,"lh":28.8,"ls":0,"fc":[0,0,0],"sc":[0,0,0],"sw":0.00999999977648,"of":false},"t":54},{"s":{"s":24,"f":"Roboto-Light","t":"82%","j":2,"tr":0,"lh":28.8,"ls":0,"fc":[0,0,0],"sc":[0,0,0],"sw":0.00999999977648,"of":false},"t":55},{"s":{"s":24,"f":"Roboto-Light","t":"83%","j":2,"tr":0,"lh":28.8,"ls":0,"fc":[0,0,0],"sc":[0,0,0],"sw":0.00999999977648,"of":false},"t":56},{"s":{"s":24,"f":"Roboto-Light","t":"84%","j":2,"tr":0,"lh":28.8,"ls":0,"fc":[0,0,0],"sc":[0,0,0],"sw":0.00999999977648,"of":false},"t":57},{"s":{"s":24,"f":"Roboto-Light","t":"85%","j":2,"tr":0,"lh":28.8,"ls":0,"fc":[0,0,0],"sc":[0,0,0],"sw":0.00999999977648,"of":false},"t":58},{"s":{"s":24,"f":"Roboto-Light","t":"86%","j":2,"tr":0,"lh":28.8,"ls":0,"fc":[0,0,0],"sc":[0,0,0],"sw":0.00999999977648,"of":false},"t":59},{"s":{"s":24,"f":"Roboto-Light","t":"88%","j":2,"tr":0,"lh":28.8,"ls":0,"fc":[0,0,0],"sc":[0,0,0],"sw":0.00999999977648,"of":false},"t":60},{"s":{"s":24,"f":"Roboto-Light","t":"89%","j":2,"tr":0,"lh":28.8,"ls":0,"fc":[0,0,0],"sc":[0,0,0],"sw":0.00999999977648,"of":false},"t":61},{"s":{"s":24,"f":"Roboto-Light","t":"89%","j":2,"tr":0,"lh":28.8,"ls":0,"fc":[0,0,0],"sc":[0,0,0],"sw":0.00999999977648,"of":false},"t":62},{"s":{"s":24,"f":"Roboto-Light","t":"89%","j":2,"tr":0,"lh":28.8,"ls":0,"fc":[0,0,0],"sc":[0,0,0],"sw":0.00999999977648,"of":false},"t":63},{"s":{"s":24,"f":"Roboto-Light","t":"90%","j":2,"tr":0,"lh":28.8,"ls":0,"fc":[0,0,0],"sc":[0,0,0],"sw":0.00999999977648,"of":false},"t":64},{"s":{"s":24,"f":"Roboto-Light","t":"90%","j":2,"tr":0,"lh":28.8,"ls":0,"fc":[0,0,0],"sc":[0,0,0],"sw":0.00999999977648,"of":false},"t":65},{"s":{"s":24,"f":"Roboto-Light","t":"89%","j":2,"tr":0,"lh":28.8,"ls":0,"fc":[0,0,0],"sc":[0,0,0],"sw":0.00999999977648,"of":false},"t":66},{"s":{"s":24,"f":"Roboto-Light","t":"90%","j":2,"tr":0,"lh":28.8,"ls":0,"fc":[0,0,0],"sc":[0,0,0],"sw":0.00999999977648,"of":false},"t":67},{"s":{"s":24,"f":"Roboto-Light","t":"89%","j":2,"tr":0,"lh":28.8,"ls":0,"fc":[0,0,0],"sc":[0,0,0],"sw":0.00999999977648,"of":false},"t":68},{"s":{"s":24,"f":"Roboto-Light","t":"88%","j":2,"tr":0,"lh":28.8,"ls":0,"fc":[0,0,0],"sc":[0,0,0],"sw":0.00999999977648,"of":false},"t":69},{"s":{"s":24,"f":"Roboto-Light","t":"86%","j":2,"tr":0,"lh":28.8,"ls":0,"fc":[0,0,0],"sc":[0,0,0],"sw":0.00999999977648,"of":false},"t":70},{"s":{"s":24,"f":"Roboto-Light","t":"88%","j":2,"tr":0,"lh":28.8,"ls":0,"fc":[0,0,0],"sc":[0,0,0],"sw":0.00999999977648,"of":false},"t":71},{"s":{"s":24,"f":"Roboto-Light","t":"92%","j":2,"tr":0,"lh":28.8,"ls":0,"fc":[0,0,0],"sc":[0,0,0],"sw":0.00999999977648,"of":false},"t":72},{"s":{"s":24,"f":"Roboto-Light","t":"94%","j":2,"tr":0,"lh":28.8,"ls":0,"fc":[0,0,0],"sc":[0,0,0],"sw":0.00999999977648,"of":false},"t":73},{"s":{"s":24,"f":"Roboto-Light","t":"93%","j":2,"tr":0,"lh":28.8,"ls":0,"fc":[0,0,0],"sc":[0,0,0],"sw":0.00999999977648,"of":false},"t":74},{"s":{"s":24,"f":"Roboto-Light","t":"91%","j":2,"tr":0,"lh":28.8,"ls":0,"fc":[0,0,0],"sc":[0,0,0],"sw":0.00999999977648,"of":false},"t":75},{"s":{"s":24,"f":"Roboto-Light","t":"91%","j":2,"tr":0,"lh":28.8,"ls":0,"fc":[0,0,0],"sc":[0,0,0],"sw":0.00999999977648,"of":false},"t":76},{"s":{"s":24,"f":"Roboto-Light","t":"91%","j":2,"tr":0,"lh":28.8,"ls":0,"fc":[0,0,0],"sc":[0,0,0],"sw":0.00999999977648,"of":false},"t":77},{"s":{"s":24,"f":"Roboto-Light","t":"91%","j":2,"tr":0,"lh":28.8,"ls":0,"fc":[0,0,0],"sc":[0,0,0],"sw":0.00999999977648,"of":false},"t":78},{"s":{"s":24,"f":"Roboto-Light","t":"92%","j":2,"tr":0,"lh":28.8,"ls":0,"fc":[0,0,0],"sc":[0,0,0],"sw":0.00999999977648,"of":false},"t":79},{"s":{"s":24,"f":"Roboto-Light","t":"94%","j":2,"tr":0,"lh":28.8,"ls":0,"fc":[0,0,0],"sc":[0,0,0],"sw":0.00999999977648,"of":false},"t":80},{"s":{"s":24,"f":"Roboto-Light","t":"95%","j":2,"tr":0,"lh":28.8,"ls":0,"fc":[0,0,0],"sc":[0,0,0],"sw":0.00999999977648,"of":false},"t":81},{"s":{"s":24,"f":"Roboto-Light","t":"95%","j":2,"tr":0,"lh":28.8,"ls":0,"fc":[0,0,0],"sc":[0,0,0],"sw":0.00999999977648,"of":false},"t":82},{"s":{"s":24,"f":"Roboto-Light","t":"95%","j":2,"tr":0,"lh":28.8,"ls":0,"fc":[0,0,0],"sc":[0,0,0],"sw":0.00999999977648,"of":false},"t":83},{"s":{"s":24,"f":"Roboto-Light","t":"94%","j":2,"tr":0,"lh":28.8,"ls":0,"fc":[0,0,0],"sc":[0,0,0],"sw":0.00999999977648,"of":false},"t":84},{"s":{"s":24,"f":"Roboto-Light","t":"93%","j":2,"tr":0,"lh":28.8,"ls":0,"fc":[0,0,0],"sc":[0,0,0],"sw":0.00999999977648,"of":false},"t":85},{"s":{"s":24,"f":"Roboto-Light","t":"93%","j":2,"tr":0,"lh":28.8,"ls":0,"fc":[0,0,0],"sc":[0,0,0],"sw":0.00999999977648,"of":false},"t":86},{"s":{"s":24,"f":"Roboto-Light","t":"95%","j":2,"tr":0,"lh":28.8,"ls":0,"fc":[0,0,0],"sc":[0,0,0],"sw":0.00999999977648,"of":false},"t":87},{"s":{"s":24,"f":"Roboto-Light","t":"96%","j":2,"tr":0,"lh":28.8,"ls":0,"fc":[0,0,0],"sc":[0,0,0],"sw":0.00999999977648,"of":false},"t":88},{"s":{"s":24,"f":"Roboto-Light","t":"95%","j":2,"tr":0,"lh":28.8,"ls":0,"fc":[0,0,0],"sc":[0,0,0],"sw":0.00999999977648,"of":false},"t":89},{"s":{"s":24,"f":"Roboto-Light","t":"96%","j":2,"tr":0,"lh":28.8,"ls":0,"fc":[0,0,0],"sc":[0,0,0],"sw":0.00999999977648,"of":false},"t":90},{"s":{"s":24,"f":"Roboto-Light","t":"98%","j":2,"tr":0,"lh":28.8,"ls":0,"fc":[0,0,0],"sc":[0,0,0],"sw":0.00999999977648,"of":false},"t":91},{"s":{"s":24,"f":"Roboto-Light","t":"98%","j":2,"tr":0,"lh":28.8,"ls":0,"fc":[0,0,0],"sc":[0,0,0],"sw":0.00999999977648,"of":false},"t":92},{"s":{"s":24,"f":"Roboto-Light","t":"96%","j":2,"tr":0,"lh":28.8,"ls":0,"fc":[0,0,0],"sc":[0,0,0],"sw":0.00999999977648,"of":false},"t":93},{"s":{"s":24,"f":"Roboto-Light","t":"94%","j":2,"tr":0,"lh":28.8,"ls":0,"fc":[0,0,0],"sc":[0,0,0],"sw":0.00999999977648,"of":false},"t":94},{"s":{"s":24,"f":"Roboto-Light","t":"93%","j":2,"tr":0,"lh":28.8,"ls":0,"fc":[0,0,0],"sc":[0,0,0],"sw":0.00999999977648,"of":false},"t":95},{"s":{"s":24,"f":"Roboto-Light","t":"96%","j":2,"tr":0,"lh":28.8,"ls":0,"fc":[0,0,0],"sc":[0,0,0],"sw":0.00999999977648,"of":false},"t":96},{"s":{"s":24,"f":"Roboto-Light","t":"96%","j":2,"tr":0,"lh":28.8,"ls":0,"fc":[0,0,0],"sc":[0,0,0],"sw":0.00999999977648,"of":false},"t":97},{"s":{"s":24,"f":"Roboto-Light","t":"97%","j":2,"tr":0,"lh":28.8,"ls":0,"fc":[0,0,0],"sc":[0,0,0],"sw":0.00999999977648,"of":false},"t":98},{"s":{"s":24,"f":"Roboto-Light","t":"97%","j":2,"tr":0,"lh":28.8,"ls":0,"fc":[0,0,0],"sc":[0,0,0],"sw":0.00999999977648,"of":false},"t":99},{"s":{"s":24,"f":"Roboto-Light","t":"97%","j":2,"tr":0,"lh":28.8,"ls":0,"fc":[0,0,0],"sc":[0,0,0],"sw":0.00999999977648,"of":false},"t":100},{"s":{"s":24,"f":"Roboto-Light","t":"97%","j":2,"tr":0,"lh":28.8,"ls":0,"fc":[0,0,0],"sc":[0,0,0],"sw":0.00999999977648,"of":false},"t":101},{"s":{"s":24,"f":"Roboto-Light","t":"97%","j":2,"tr":0,"lh":28.8,"ls":0,"fc":[0,0,0],"sc":[0,0,0],"sw":0.00999999977648,"of":false},"t":102},{"s":{"s":24,"f":"Roboto-Light","t":"97%","j":2,"tr":0,"lh":28.8,"ls":0,"fc":[0,0,0],"sc":[0,0,0],"sw":0.00999999977648,"of":false},"t":103},{"s":{"s":24,"f":"Roboto-Light","t":"97%","j":2,"tr":0,"lh":28.8,"ls":0,"fc":[0,0,0],"sc":[0,0,0],"sw":0.00999999977648,"of":false},"t":104},{"s":{"s":24,"f":"Roboto-Light","t":"98%","j":2,"tr":0,"lh":28.8,"ls":0,"fc":[0,0,0],"sc":[0,0,0],"sw":0.00999999977648,"of":false},"t":105},{"s":{"s":24,"f":"Roboto-Light","t":"98%","j":2,"tr":0,"lh":28.8,"ls":0,"fc":[0,0,0],"sc":[0,0,0],"sw":0.00999999977648,"of":false},"t":106},{"s":{"s":24,"f":"Roboto-Light","t":"98%","j":2,"tr":0,"lh":28.8,"ls":0,"fc":[0,0,0],"sc":[0,0,0],"sw":0.00999999977648,"of":false},"t":107},{"s":{"s":24,"f":"Roboto-Light","t":"98%","j":2,"tr":0,"lh":28.8,"ls":0,"fc":[0,0,0],"sc":[0,0,0],"sw":0.00999999977648,"of":false},"t":108},{"s":{"s":24,"f":"Roboto-Light","t":"98%","j":2,"tr":0,"lh":28.8,"ls":0,"fc":[0,0,0],"sc":[0,0,0],"sw":0.00999999977648,"of":false},"t":109},{"s":{"s":24,"f":"Roboto-Light","t":"98%","j":2,"tr":0,"lh":28.8,"ls":0,"fc":[0,0,0],"sc":[0,0,0],"sw":0.00999999977648,"of":false},"t":110},{"s":{"s":24,"f":"Roboto-Light","t":"98%","j":2,"tr":0,"lh":28.8,"ls":0,"fc":[0,0,0],"sc":[0,0,0],"sw":0.00999999977648,"of":false},"t":111},{"s":{"s":24,"f":"Roboto-Light","t":"98%","j":2,"tr":0,"lh":28.8,"ls":0,"fc":[0,0,0],"sc":[0,0,0],"sw":0.00999999977648,"of":false},"t":112},{"s":{"s":24,"f":"Roboto-Light","t":"98%","j":2,"tr":0,"lh":28.8,"ls":0,"fc":[0,0,0],"sc":[0,0,0],"sw":0.00999999977648,"of":false},"t":113},{"s":{"s":24,"f":"Roboto-Light","t":"98%","j":2,"tr":0,"lh":28.8,"ls":0,"fc":[0,0,0],"sc":[0,0,0],"sw":0.00999999977648,"of":false},"t":114},{"s":{"s":24,"f":"Roboto-Light","t":"99%","j":2,"tr":0,"lh":28.8,"ls":0,"fc":[0,0,0],"sc":[0,0,0],"sw":0.00999999977648,"of":false},"t":115},{"s":{"s":24,"f":"Roboto-Light","t":"99%","j":2,"tr":0,"lh":28.8,"ls":0,"fc":[0,0,0],"sc":[0,0,0],"sw":0.00999999977648,"of":false},"t":116},{"s":{"s":24,"f":"Roboto-Light","t":"99%","j":2,"tr":0,"lh":28.8,"ls":0,"fc":[0,0,0],"sc":[0,0,0],"sw":0.00999999977648,"of":false},"t":117},{"s":{"s":24,"f":"Roboto-Light","t":"99%","j":2,"tr":0,"lh":28.8,"ls":0,"fc":[0,0,0],"sc":[0,0,0],"sw":0.00999999977648,"of":false},"t":118},{"s":{"s":24,"f":"Roboto-Light","t":"99%","j":2,"tr":0,"lh":28.8,"ls":0,"fc":[0,0,0],"sc":[0,0,0],"sw":0.00999999977648,"of":false},"t":119},{"s":{"s":24,"f":"Roboto-Light","t":"99%","j":2,"tr":0,"lh":28.8,"ls":0,"fc":[0,0,0],"sc":[0,0,0],"sw":0.00999999977648,"of":false},"t":120},{"s":{"s":24,"f":"Roboto-Light","t":"99%","j":2,"tr":0,"lh":28.8,"ls":0,"fc":[0,0,0],"sc":[0,0,0],"sw":0.00999999977648,"of":false},"t":121},{"s":{"s":24,"f":"Roboto-Light","t":"99%","j":2,"tr":0,"lh":28.8,"ls":0,"fc":[0,0,0],"sc":[0,0,0],"sw":0.00999999977648,"of":false},"t":122},{"s":{"s":24,"f":"Roboto-Light","t":"99%","j":2,"tr":0,"lh":28.8,"ls":0,"fc":[0,0,0],"sc":[0,0,0],"sw":0.00999999977648,"of":false},"t":123},{"s":{"s":24,"f":"Roboto-Light","t":"99%","j":2,"tr":0,"lh":28.8,"ls":0,"fc":[0,0,0],"sc":[0,0,0],"sw":0.00999999977648,"of":false},"t":124},{"s":{"s":24,"f":"Roboto-Light","t":"99%","j":2,"tr":0,"lh":28.8,"ls":0,"fc":[0,0,0],"sc":[0,0,0],"sw":0.00999999977648,"of":false},"t":125},{"s":{"s":24,"f":"Roboto-Light","t":"99%","j":2,"tr":0,"lh":28.8,"ls":0,"fc":[0,0,0],"sc":[0,0,0],"sw":0.00999999977648,"of":false},"t":126},{"s":{"s":24,"f":"Roboto-Light","t":"99%","j":2,"tr":0,"lh":28.8,"ls":0,"fc":[0,0,0],"sc":[0,0,0],"sw":0.00999999977648,"of":false},"t":127},{"s":{"s":24,"f":"Roboto-Light","t":"99%","j":2,"tr":0,"lh":28.8,"ls":0,"fc":[0,0,0],"sc":[0,0,0],"sw":0.00999999977648,"of":false},"t":128},{"s":{"s":24,"f":"Roboto-Light","t":"100%","j":2,"tr":0,"lh":28.8,"ls":0,"fc":[0,0,0],"sc":[0,0,0],"sw":0.00999999977648,"of":false},"t":129},{"s":{"s":24,"f":"Roboto-Light","t":"100%","j":2,"tr":0,"lh":28.8,"ls":0,"fc":[0,0,0],"sc":[0,0,0],"sw":0.00999999977648,"of":false},"t":130},{"s":{"s":24,"f":"Roboto-Light","t":"100%","j":2,"tr":0,"lh":28.8,"ls":0,"fc":[0,0,0],"sc":[0,0,0],"sw":0.00999999977648,"of":false},"t":131},{"s":{"s":24,"f":"Roboto-Light","t":"100%","j":2,"tr":0,"lh":28.8,"ls":0,"fc":[0,0,0],"sc":[0,0,0],"sw":0.00999999977648,"of":false},"t":132},{"s":{"s":24,"f":"Roboto-Light","t":"100%","j":2,"tr":0,"lh":28.8,"ls":0,"fc":[0,0,0],"sc":[0,0,0],"sw":0.00999999977648,"of":false},"t":133},{"s":{"s":24,"f":"Roboto-Light","t":"100%","j":2,"tr":0,"lh":28.8,"ls":0,"fc":[0,0,0],"sc":[0,0,0],"sw":0.00999999977648,"of":false},"t":134},{"s":{"s":24,"f":"Roboto-Light","t":"100%","j":2,"tr":0,"lh":28.8,"ls":0,"fc":[0,0,0],"sc":[0,0,0],"sw":0.00999999977648,"of":false},"t":135},{"s":{"s":24,"f":"Roboto-Light","t":"100%","j":2,"tr":0,"lh":28.8,"ls":0,"fc":[0,0,0],"sc":[0,0,0],"sw":0.00999999977648,"of":false},"t":136},{"s":{"s":24,"f":"Roboto-Light","t":"100%","j":2,"tr":0,"lh":28.8,"ls":0,"fc":[0,0,0],"sc":[0,0,0],"sw":0.00999999977648,"of":false},"t":137},{"s":{"s":24,"f":"Roboto-Light","t":"100%","j":2,"tr":0,"lh":28.8,"ls":0,"fc":[0,0,0],"sc":[0,0,0],"sw":0.00999999977648,"of":false},"t":138},{"s":{"s":24,"f":"Roboto-Light","t":"100%","j":2,"tr":0,"lh":28.8,"ls":0,"fc":[0,0,0],"sc":[0,0,0],"sw":0.00999999977648,"of":false},"t":139},{"s":{"s":24,"f":"Roboto-Light","t":"100%","j":2,"tr":0,"lh":28.8,"ls":0,"fc":[0,0,0],"sc":[0,0,0],"sw":0.00999999977648,"of":false},"t":140},{"s":{"s":24,"f":"Roboto-Light","t":"100%","j":2,"tr":0,"lh":28.8,"ls":0,"fc":[0,0,0],"sc":[0,0,0],"sw":0.00999999977648,"of":false},"t":141},{"s":{"s":24,"f":"Roboto-Light","t":"100%","j":2,"tr":0,"lh":28.8,"ls":0,"fc":[0,0,0],"sc":[0,0,0],"sw":0.00999999977648,"of":false},"t":142},{"s":{"s":24,"f":"Roboto-Light","t":"100%","j":2,"tr":0,"lh":28.8,"ls":0,"fc":[0,0,0],"sc":[0,0,0],"sw":0.00999999977648,"of":false},"t":143},{"s":{"s":24,"f":"Roboto-Light","t":"100%","j":2,"tr":0,"lh":28.8,"ls":0,"fc":[0,0,0],"sc":[0,0,0],"sw":0.00999999977648,"of":false},"t":144},{"s":{"s":24,"f":"Roboto-Light","t":"100%","j":2,"tr":0,"lh":28.8,"ls":0,"fc":[0,0,0],"sc":[0,0,0],"sw":0.00999999977648,"of":false},"t":145},{"s":{"s":24,"f":"Roboto-Light","t":"100%","j":2,"tr":0,"lh":28.8,"ls":0,"fc":[0,0,0],"sc":[0,0,0],"sw":0.00999999977648,"of":false},"t":146},{"s":{"s":24,"f":"Roboto-Light","t":"100%","j":2,"tr":0,"lh":28.8,"ls":0,"fc":[0,0,0],"sc":[0,0,0],"sw":0.00999999977648,"of":false},"t":147},{"s":{"s":24,"f":"Roboto-Light","t":"100%","j":2,"tr":0,"lh":28.8,"ls":0,"fc":[0,0,0],"sc":[0,0,0],"sw":0.00999999977648,"of":false},"t":148},{"s":{"s":24,"f":"Roboto-Light","t":"100%","j":2,"tr":0,"lh":28.8,"ls":0,"fc":[0,0,0],"sc":[0,0,0],"sw":0.00999999977648,"of":false},"t":149}]},"p":{},"m":{"g":1,"a":{"a":0,"k":[0,0],"ix":2}},"a":[]},"ip":0,"op":600,"st":0,"bm":0},{"ddd":0,"ind":2,"ty":4,"nm":"Pointer","sr":1,"ks":{"o":{"a":0,"k":100,"ix":11},"r":{"a":1,"k":[{"i":{"x":[0.833],"y":[0.833]},"o":{"x":[0.167],"y":[0.167]},"t":0,"s":[-64]},{"i":{"x":[0.833],"y":[0.833]},"o":{"x":[0.167],"y":[0.167]},"t":1,"s":[-62.849]},{"i":{"x":[0.833],"y":[0.833]},"o":{"x":[0.167],"y":[0.167]},"t":2,"s":[-61.639]},{"i":{"x":[0.833],"y":[0.833]},"o":{"x":[0.167],"y":[0.167]},"t":3,"s":[-60.367]},{"i":{"x":[0.833],"y":[0.833]},"o":{"x":[0.167],"y":[0.167]},"t":4,"s":[-59.027]},{"i":{"x":[0.833],"y":[0.833]},"o":{"x":[0.167],"y":[0.167]},"t":5,"s":[-57.613]},{"i":{"x":[0.833],"y":[0.833]},"o":{"x":[0.167],"y":[0.167]},"t":6,"s":[-56.119]},{"i":{"x":[0.833],"y":[0.833]},"o":{"x":[0.167],"y":[0.167]},"t":7,"s":[-54.538]},{"i":{"x":[0.833],"y":[0.833]},"o":{"x":[0.167],"y":[0.167]},"t":8,"s":[-52.862]},{"i":{"x":[0.833],"y":[0.833]},"o":{"x":[0.167],"y":[0.167]},"t":9,"s":[-51.083]},{"i":{"x":[0.833],"y":[0.833]},"o":{"x":[0.167],"y":[0.167]},"t":10,"s":[-49.191]},{"i":{"x":[0.833],"y":[0.833]},"o":{"x":[0.167],"y":[0.167]},"t":11,"s":[-47.175]},{"i":{"x":[0.833],"y":[0.833]},"o":{"x":[0.167],"y":[0.167]},"t":12,"s":[-45.026]},{"i":{"x":[0.833],"y":[0.833]},"o":{"x":[0.167],"y":[0.167]},"t":13,"s":[-42.732]},{"i":{"x":[0.833],"y":[0.833]},"o":{"x":[0.167],"y":[0.167]},"t":14,"s":[-40.282]},{"i":{"x":[0.833],"y":[0.833]},"o":{"x":[0.167],"y":[0.167]},"t":15,"s":[-37.667]},{"i":{"x":[0.833],"y":[0.833]},"o":{"x":[0.167],"y":[0.167]},"t":16,"s":[-34.881]},{"i":{"x":[0.833],"y":[0.833]},"o":{"x":[0.167],"y":[0.167]},"t":17,"s":[-31.923]},{"i":{"x":[0.833],"y":[0.833]},"o":{"x":[0.167],"y":[0.167]},"t":18,"s":[-28.799]},{"i":{"x":[0.833],"y":[0.833]},"o":{"x":[0.167],"y":[0.167]},"t":19,"s":[-25.526]},{"i":{"x":[0.833],"y":[0.833]},"o":{"x":[0.167],"y":[0.167]},"t":20,"s":[-22.136]},{"i":{"x":[0.833],"y":[0.833]},"o":{"x":[0.167],"y":[0.167]},"t":21,"s":[-18.669]},{"i":{"x":[0.833],"y":[0.833]},"o":{"x":[0.167],"y":[0.167]},"t":22,"s":[-15.177]},{"i":{"x":[0.833],"y":[0.833]},"o":{"x":[0.167],"y":[0.167]},"t":23,"s":[-11.714]},{"i":{"x":[0.833],"y":[0.833]},"o":{"x":[0.167],"y":[0.167]},"t":24,"s":[-8.329]},{"i":{"x":[0.833],"y":[0.833]},"o":{"x":[0.167],"y":[0.167]},"t":25,"s":[-5.062]},{"i":{"x":[0.833],"y":[0.833]},"o":{"x":[0.167],"y":[0.167]},"t":26,"s":[-1.941]},{"i":{"x":[0.833],"y":[0.833]},"o":{"x":[0.167],"y":[0.167]},"t":27,"s":[1.019]},{"i":{"x":[0.833],"y":[0.833]},"o":{"x":[0.167],"y":[0.167]},"t":28,"s":[3.813]},{"i":{"x":[0.833],"y":[0.833]},"o":{"x":[0.167],"y":[0.167]},"t":29,"s":[6.442]},{"i":{"x":[0.833],"y":[0.833]},"o":{"x":[0.167],"y":[0.167]},"t":30,"s":[8.913]},{"i":{"x":[0.833],"y":[0.833]},"o":{"x":[0.167],"y":[0.167]},"t":31,"s":[11.234]},{"i":{"x":[0.833],"y":[0.833]},"o":{"x":[0.167],"y":[0.167]},"t":32,"s":[13.416]},{"i":{"x":[0.833],"y":[0.833]},"o":{"x":[0.167],"y":[0.167]},"t":33,"s":[15.47]},{"i":{"x":[0.833],"y":[0.833]},"o":{"x":[0.167],"y":[0.167]},"t":34,"s":[17.404]},{"i":{"x":[0.833],"y":[0.833]},"o":{"x":[0.167],"y":[0.167]},"t":35,"s":[19.229]},{"i":{"x":[0.833],"y":[0.833]},"o":{"x":[0.167],"y":[0.167]},"t":36,"s":[20.954]},{"i":{"x":[0.833],"y":[0.833]},"o":{"x":[0.167],"y":[0.167]},"t":37,"s":[22.587]},{"i":{"x":[0.833],"y":[0.833]},"o":{"x":[0.167],"y":[0.167]},"t":38,"s":[24.136]},{"i":{"x":[0.833],"y":[0.833]},"o":{"x":[0.167],"y":[0.167]},"t":39,"s":[25.606]},{"i":{"x":[0.833],"y":[0.833]},"o":{"x":[0.167],"y":[0.167]},"t":40,"s":[27.005]},{"i":{"x":[0.833],"y":[0.833]},"o":{"x":[0.167],"y":[0.167]},"t":41,"s":[28.337]},{"i":{"x":[0.833],"y":[0.833]},"o":{"x":[0.167],"y":[0.167]},"t":42,"s":[29.607]},{"i":{"x":[0.833],"y":[0.833]},"o":{"x":[0.167],"y":[0.167]},"t":43,"s":[30.82]},{"i":{"x":[0.833],"y":[0.833]},"o":{"x":[0.167],"y":[0.167]},"t":44,"s":[31.98]},{"i":{"x":[0.833],"y":[0.833]},"o":{"x":[0.167],"y":[0.167]},"t":45,"s":[33.09]},{"i":{"x":[0.833],"y":[0.833]},"o":{"x":[0.167],"y":[0.167]},"t":46,"s":[34.025]},{"i":{"x":[0.833],"y":[0.833]},"o":{"x":[0.167],"y":[0.167]},"t":47,"s":[34.062]},{"i":{"x":[0.833],"y":[0.833]},"o":{"x":[0.167],"y":[0.167]},"t":48,"s":[36.053]},{"i":{"x":[0.833],"y":[0.833]},"o":{"x":[0.167],"y":[0.167]},"t":49,"s":[36.789]},{"i":{"x":[0.833],"y":[0.833]},"o":{"x":[0.167],"y":[0.167]},"t":50,"s":[37.672]},{"i":{"x":[0.833],"y":[0.833]},"o":{"x":[0.167],"y":[0.167]},"t":51,"s":[40.438]},{"i":{"x":[0.833],"y":[0.833]},"o":{"x":[0.167],"y":[0.167]},"t":52,"s":[41.586]},{"i":{"x":[0.833],"y":[0.833]},"o":{"x":[0.167],"y":[0.167]},"t":53,"s":[40.381]},{"i":{"x":[0.833],"y":[0.833]},"o":{"x":[0.167],"y":[0.167]},"t":54,"s":[40.304]},{"i":{"x":[0.833],"y":[0.833]},"o":{"x":[0.167],"y":[0.167]},"t":55,"s":[40.327]},{"i":{"x":[0.833],"y":[0.833]},"o":{"x":[0.167],"y":[0.167]},"t":56,"s":[41.627]},{"i":{"x":[0.833],"y":[0.833]},"o":{"x":[0.167],"y":[0.167]},"t":57,"s":[43.971]},{"i":{"x":[0.833],"y":[0.833]},"o":{"x":[0.167],"y":[0.167]},"t":58,"s":[44.889]},{"i":{"x":[0.833],"y":[0.833]},"o":{"x":[0.167],"y":[0.167]},"t":59,"s":[45.765]},{"i":{"x":[0.833],"y":[0.833]},"o":{"x":[0.167],"y":[0.167]},"t":60,"s":[48.081]},{"i":{"x":[0.833],"y":[0.833]},"o":{"x":[0.167],"y":[0.167]},"t":61,"s":[49.575]},{"i":{"x":[0.833],"y":[0.833]},"o":{"x":[0.167],"y":[0.167]},"t":62,"s":[49.405]},{"i":{"x":[0.833],"y":[0.833]},"o":{"x":[0.167],"y":[0.167]},"t":63,"s":[49.984]},{"i":{"x":[0.833],"y":[0.833]},"o":{"x":[0.167],"y":[0.167]},"t":64,"s":[51.072]},{"i":{"x":[0.833],"y":[0.833]},"o":{"x":[0.167],"y":[0.167]},"t":65,"s":[50.695]},{"i":{"x":[0.833],"y":[0.833]},"o":{"x":[0.167],"y":[0.167]},"t":66,"s":[50.035]},{"i":{"x":[0.833],"y":[0.833]},"o":{"x":[0.167],"y":[0.167]},"t":67,"s":[50.841]},{"i":{"x":[0.833],"y":[0.833]},"o":{"x":[0.167],"y":[0.167]},"t":68,"s":[50.537]},{"i":{"x":[0.833],"y":[0.833]},"o":{"x":[0.167],"y":[0.167]},"t":69,"s":[48.266]},{"i":{"x":[0.833],"y":[0.833]},"o":{"x":[0.167],"y":[0.167]},"t":70,"s":[46.449]},{"i":{"x":[0.833],"y":[0.833]},"o":{"x":[0.167],"y":[0.167]},"t":71,"s":[49.26]},{"i":{"x":[0.833],"y":[0.833]},"o":{"x":[0.167],"y":[0.167]},"t":72,"s":[53.193]},{"i":{"x":[0.833],"y":[0.833]},"o":{"x":[0.167],"y":[0.167]},"t":73,"s":[55.984]},{"i":{"x":[0.833],"y":[0.833]},"o":{"x":[0.167],"y":[0.167]},"t":74,"s":[54.835]},{"i":{"x":[0.833],"y":[0.833]},"o":{"x":[0.167],"y":[0.167]},"t":75,"s":[52.802]},{"i":{"x":[0.833],"y":[0.833]},"o":{"x":[0.167],"y":[0.167]},"t":76,"s":[52.643]},{"i":{"x":[0.833],"y":[0.833]},"o":{"x":[0.167],"y":[0.167]},"t":77,"s":[52.917]},{"i":{"x":[0.833],"y":[0.833]},"o":{"x":[0.167],"y":[0.167]},"t":78,"s":[52.209]},{"i":{"x":[0.833],"y":[0.833]},"o":{"x":[0.167],"y":[0.167]},"t":79,"s":[53.595]},{"i":{"x":[0.833],"y":[0.833]},"o":{"x":[0.167],"y":[0.167]},"t":80,"s":[56.418]},{"i":{"x":[0.833],"y":[0.833]},"o":{"x":[0.167],"y":[0.167]},"t":81,"s":[57.218]},{"i":{"x":[0.833],"y":[0.833]},"o":{"x":[0.167],"y":[0.167]},"t":82,"s":[57.483]},{"i":{"x":[0.833],"y":[0.833]},"o":{"x":[0.167],"y":[0.167]},"t":83,"s":[57.598]},{"i":{"x":[0.833],"y":[0.833]},"o":{"x":[0.167],"y":[0.167]},"t":84,"s":[56.88]},{"i":{"x":[0.833],"y":[0.833]},"o":{"x":[0.167],"y":[0.167]},"t":85,"s":[54.562]},{"i":{"x":[0.833],"y":[0.833]},"o":{"x":[0.167],"y":[0.167]},"t":86,"s":[54.889]},{"i":{"x":[0.833],"y":[0.833]},"o":{"x":[0.167],"y":[0.167]},"t":87,"s":[57.602]},{"i":{"x":[0.833],"y":[0.833]},"o":{"x":[0.167],"y":[0.167]},"t":88,"s":[58.817]},{"i":{"x":[0.833],"y":[0.833]},"o":{"x":[0.167],"y":[0.167]},"t":89,"s":[58.127]},{"i":{"x":[0.833],"y":[0.833]},"o":{"x":[0.167],"y":[0.167]},"t":90,"s":[58.666]},{"i":{"x":[0.833],"y":[0.833]},"o":{"x":[0.167],"y":[0.167]},"t":91,"s":[60.807]},{"i":{"x":[0.833],"y":[0.833]},"o":{"x":[0.167],"y":[0.167]},"t":92,"s":[61.132]},{"i":{"x":[0.833],"y":[0.833]},"o":{"x":[0.167],"y":[0.167]},"t":93,"s":[59.494]},{"i":{"x":[0.833],"y":[0.833]},"o":{"x":[0.167],"y":[0.167]},"t":94,"s":[56.233]},{"i":{"x":[0.833],"y":[0.833]},"o":{"x":[0.167],"y":[0.167]},"t":95,"s":[55.465]},{"i":{"x":[0.833],"y":[0.833]},"o":{"x":[0.167],"y":[0.167]},"t":96,"s":[59.137]},{"i":{"x":[0.833],"y":[0.833]},"o":{"x":[0.167],"y":[0.167]},"t":97,"s":[59.348]},{"i":{"x":[0.833],"y":[0.833]},"o":{"x":[0.167],"y":[0.167]},"t":98,"s":[59.552]},{"i":{"x":[0.833],"y":[0.833]},"o":{"x":[0.167],"y":[0.167]},"t":99,"s":[59.751]},{"i":{"x":[0.833],"y":[0.833]},"o":{"x":[0.167],"y":[0.167]},"t":100,"s":[59.943]},{"i":{"x":[0.833],"y":[0.833]},"o":{"x":[0.167],"y":[0.167]},"t":101,"s":[60.13]},{"i":{"x":[0.833],"y":[0.833]},"o":{"x":[0.167],"y":[0.167]},"t":102,"s":[60.31]},{"i":{"x":[0.833],"y":[0.833]},"o":{"x":[0.167],"y":[0.167]},"t":103,"s":[60.486]},{"i":{"x":[0.833],"y":[0.833]},"o":{"x":[0.167],"y":[0.167]},"t":104,"s":[60.655]},{"i":{"x":[0.833],"y":[0.833]},"o":{"x":[0.167],"y":[0.167]},"t":105,"s":[60.819]},{"i":{"x":[0.833],"y":[0.833]},"o":{"x":[0.167],"y":[0.167]},"t":106,"s":[60.979]},{"i":{"x":[0.833],"y":[0.833]},"o":{"x":[0.167],"y":[0.167]},"t":107,"s":[61.132]},{"i":{"x":[0.833],"y":[0.833]},"o":{"x":[0.167],"y":[0.167]},"t":108,"s":[61.281]},{"i":{"x":[0.833],"y":[0.833]},"o":{"x":[0.167],"y":[0.167]},"t":109,"s":[61.425]},{"i":{"x":[0.833],"y":[0.833]},"o":{"x":[0.167],"y":[0.167]},"t":110,"s":[61.564]},{"i":{"x":[0.833],"y":[0.833]},"o":{"x":[0.167],"y":[0.167]},"t":111,"s":[61.698]},{"i":{"x":[0.833],"y":[0.833]},"o":{"x":[0.167],"y":[0.167]},"t":112,"s":[61.828]},{"i":{"x":[0.833],"y":[0.833]},"o":{"x":[0.167],"y":[0.167]},"t":113,"s":[61.953]},{"i":{"x":[0.833],"y":[0.833]},"o":{"x":[0.167],"y":[0.167]},"t":114,"s":[62.074]},{"i":{"x":[0.833],"y":[0.833]},"o":{"x":[0.167],"y":[0.167]},"t":115,"s":[62.19]},{"i":{"x":[0.833],"y":[0.833]},"o":{"x":[0.167],"y":[0.167]},"t":116,"s":[62.302]},{"i":{"x":[0.833],"y":[0.833]},"o":{"x":[0.167],"y":[0.167]},"t":117,"s":[62.409]},{"i":{"x":[0.833],"y":[0.833]},"o":{"x":[0.167],"y":[0.167]},"t":118,"s":[62.513]},{"i":{"x":[0.833],"y":[0.833]},"o":{"x":[0.167],"y":[0.167]},"t":119,"s":[62.612]},{"i":{"x":[0.833],"y":[0.833]},"o":{"x":[0.167],"y":[0.167]},"t":120,"s":[62.708]},{"i":{"x":[0.833],"y":[0.833]},"o":{"x":[0.167],"y":[0.167]},"t":121,"s":[62.799]},{"i":{"x":[0.833],"y":[0.833]},"o":{"x":[0.167],"y":[0.167]},"t":122,"s":[62.887]},{"i":{"x":[0.833],"y":[0.833]},"o":{"x":[0.167],"y":[0.167]},"t":123,"s":[62.97]},{"i":{"x":[0.833],"y":[0.833]},"o":{"x":[0.167],"y":[0.167]},"t":124,"s":[63.05]},{"i":{"x":[0.833],"y":[0.833]},"o":{"x":[0.167],"y":[0.167]},"t":125,"s":[63.127]},{"i":{"x":[0.833],"y":[0.833]},"o":{"x":[0.167],"y":[0.167]},"t":126,"s":[63.2]},{"i":{"x":[0.833],"y":[0.833]},"o":{"x":[0.167],"y":[0.167]},"t":127,"s":[63.269]},{"i":{"x":[0.833],"y":[0.833]},"o":{"x":[0.167],"y":[0.167]},"t":128,"s":[63.335]},{"i":{"x":[0.833],"y":[0.833]},"o":{"x":[0.167],"y":[0.167]},"t":129,"s":[63.397]},{"i":{"x":[0.833],"y":[0.833]},"o":{"x":[0.167],"y":[0.167]},"t":130,"s":[63.456]},{"i":{"x":[0.833],"y":[0.833]},"o":{"x":[0.167],"y":[0.167]},"t":131,"s":[63.511]},{"i":{"x":[0.833],"y":[0.833]},"o":{"x":[0.167],"y":[0.167]},"t":132,"s":[63.564]},{"i":{"x":[0.833],"y":[0.833]},"o":{"x":[0.167],"y":[0.167]},"t":133,"s":[63.613]},{"i":{"x":[0.833],"y":[0.833]},"o":{"x":[0.167],"y":[0.167]},"t":134,"s":[63.659]},{"i":{"x":[0.833],"y":[0.833]},"o":{"x":[0.167],"y":[0.167]},"t":135,"s":[63.702]},{"i":{"x":[0.833],"y":[0.833]},"o":{"x":[0.167],"y":[0.167]},"t":136,"s":[63.741]},{"i":{"x":[0.833],"y":[0.833]},"o":{"x":[0.167],"y":[0.167]},"t":137,"s":[63.778]},{"i":{"x":[0.833],"y":[0.833]},"o":{"x":[0.167],"y":[0.167]},"t":138,"s":[63.812]},{"i":{"x":[0.833],"y":[0.833]},"o":{"x":[0.167],"y":[0.167]},"t":139,"s":[63.843]},{"i":{"x":[0.833],"y":[0.833]},"o":{"x":[0.167],"y":[0.167]},"t":140,"s":[63.871]},{"i":{"x":[0.833],"y":[0.833]},"o":{"x":[0.167],"y":[0.167]},"t":141,"s":[63.896]},{"i":{"x":[0.833],"y":[0.833]},"o":{"x":[0.167],"y":[0.167]},"t":142,"s":[63.918]},{"i":{"x":[0.833],"y":[0.833]},"o":{"x":[0.167],"y":[0.167]},"t":143,"s":[63.937]},{"i":{"x":[0.833],"y":[0.833]},"o":{"x":[0.167],"y":[0.167]},"t":144,"s":[63.954]},{"i":{"x":[0.833],"y":[0.833]},"o":{"x":[0.167],"y":[0.167]},"t":145,"s":[63.968]},{"i":{"x":[0.833],"y":[0.833]},"o":{"x":[0.167],"y":[0.167]},"t":146,"s":[63.98]},{"i":{"x":[0.833],"y":[0.833]},"o":{"x":[0.167],"y":[0.167]},"t":147,"s":[63.989]},{"i":{"x":[0.833],"y":[0.833]},"o":{"x":[0.167],"y":[0.167]},"t":148,"s":[63.995]},{"t":149,"s":[63.999]}],"ix":10},"p":{"a":0,"k":[100,130,0],"ix":2},"a":{"a":0,"k":[10.25,120.25,0],"ix":1},"s":{"a":0,"k":[100,100,100],"ix":6}},"ao":0,"shapes":[{"ty":"gr","it":[{"ind":0,"ty":"sh","ix":1,"ks":{"a":0,"k":{"i":[[0,0],[0,0],[0,0]],"o":[[0,0],[0,0],[0,0]],"v":[[6,60],[-6,60],[0,-46.75]],"c":true},"ix":2},"nm":"路径 1","mn":"ADBE Vector Shape - Group","hd":false},{"ty":"fl","c":{"a":0,"k":[0.13300000359,0.13300000359,0.13300000359,1],"ix":4},"o":{"a":0,"k":100,"ix":5},"r":1,"bm":0,"nm":"填充 1","mn":"ADBE Vector Graphic - Fill","hd":false},{"ty":"tr","p":{"a":0,"k":[10.25,60.25],"ix":2},"a":{"a":0,"k":[0,0],"ix":1},"s":{"a":0,"k":[100,100],"ix":3},"r":{"a":0,"k":0,"ix":6},"o":{"a":0,"k":100,"ix":7},"sk":{"a":0,"k":0,"ix":4},"sa":{"a":0,"k":0,"ix":5},"nm":"变换"}],"nm":"组 1","np":2,"cix":2,"bm":0,"ix":1,"mn":"ADBE Vector Group","hd":false},{"ty":"gr","it":[{"ind":0,"ty":"sh","ix":1,"ks":{"a":0,"k":{"i":[[0,-5.522],[5.522,0],[0,5.522],[-5.523,0]],"o":[[0,5.522],[-5.523,0],[0,-5.522],[5.522,0]],"v":[[10,0],[0,10],[-10,0],[0,-10]],"c":true},"ix":2},"nm":"路径 1","mn":"ADBE Vector Shape - Group","hd":false},{"ty":"fl","c":{"a":0,"k":[0.13300000359,0.13300000359,0.13300000359,1],"ix":4},"o":{"a":0,"k":100,"ix":5},"r":1,"bm":0,"nm":"填充 1","mn":"ADBE Vector Graphic - Fill","hd":false},{"ty":"tr","p":{"a":0,"k":[10.25,120.25],"ix":2},"a":{"a":0,"k":[0,0],"ix":1},"s":{"a":0,"k":[100,100],"ix":3},"r":{"a":0,"k":0,"ix":6},"o":{"a":0,"k":100,"ix":7},"sk":{"a":0,"k":0,"ix":4},"sa":{"a":0,"k":0,"ix":5},"nm":"变换"}],"nm":"组 2","np":2,"cix":2,"bm":0,"ix":2,"mn":"ADBE Vector Group","hd":false}],"ip":0,"op":600,"st":0,"bm":0},{"ddd":0,"ind":3,"ty":4,"nm":"Mask","parent":2,"td":1,"sr":1,"ks":{"o":{"a":0,"k":100,"ix":11},"r":{"a":0,"k":0,"ix":10},"p":{"a":0,"k":[10.25,97.25,0],"ix":2},"a":{"a":0,"k":[0,0,0],"ix":1},"s":{"a":0,"k":[100,143.766,100],"ix":6}},"ao":0,"shapes":[{"ty":"gr","it":[{"ty":"rc","d":1,"s":{"a":0,"k":[120,140],"ix":2},"p":{"a":0,"k":[0,0],"ix":3},"r":{"a":0,"k":0,"ix":4},"nm":"矩形路径 1","mn":"ADBE Vector Shape - Rect","hd":false},{"ty":"fl","c":{"a":0,"k":[0.870220601559,0.870220601559,0.870220601559,1],"ix":4},"o":{"a":0,"k":100,"ix":5},"r":1,"bm":0,"nm":"填充 1","mn":"ADBE Vector Graphic - Fill","hd":false},{"ty":"tr","p":{"a":0,"k":[80.738,-7.29],"ix":2},"a":{"a":0,"k":[0,0],"ix":1},"s":{"a":0,"k":[134.903,159.319],"ix":3},"r":{"a":0,"k":0,"ix":6},"o":{"a":0,"k":100,"ix":7},"sk":{"a":0,"k":0,"ix":4},"sa":{"a":0,"k":0,"ix":5},"nm":"变换"}],"nm":"矩形 1","np":2,"cix":2,"bm":0,"ix":1,"mn":"ADBE Vector Group","hd":false}],"ip":0,"op":600,"st":0,"bm":0},{"ddd":0,"ind":4,"ty":4,"nm":"Light","tt":2,"sr":1,"ks":{"o":{"a":0,"k":100,"ix":11},"r":{"a":0,"k":0,"ix":10},"p":{"a":0,"k":[100,70.283,0],"ix":2},"a":{"a":0,"k":[84.366,40.532,0],"ix":1},"s":{"a":0,"k":[100,100,100],"ix":6}},"ao":0,"shapes":[{"ty":"gr","it":[{"ind":0,"ty":"sh","ix":1,"ks":{"a":0,"k":{"i":[[0,0],[-18.84,0],[-4.242,-17.536],[0,0],[38.412,0],[12.918,-33.876]],"o":[[4.242,-17.536],[18.84,0],[0,0],[-12.919,-33.876],[-38.412,0],[0,0]],"v":[[-38.87,40.282],[0,9.718],[38.87,40.282],[84.116,17.66],[0,-40.282],[-84.116,17.66]],"c":true},"ix":2},"nm":"路径 1","mn":"ADBE Vector Shape - Group","hd":false},{"ty":"fl","c":{"a":1,"k":[{"i":{"x":[0.833],"y":[0.833]},"o":{"x":[0.167],"y":[0.167]},"t":32,"s":[0.075,0.352999997606,0.811999990426,1]},{"i":{"x":[0.833],"y":[0.833]},"o":{"x":[0.167],"y":[0.167]},"t":45,"s":[1,0.442555129528,0,1]},{"t":60.0009765625,"s":[1,0.210269272327,0.094883561134,1]}],"ix":4},"o":{"a":0,"k":100,"ix":5},"r":1,"bm":0,"nm":"填充 1","mn":"ADBE Vector Graphic - Fill","hd":false},{"ty":"tr","p":{"a":0,"k":[84.366,40.532],"ix":2},"a":{"a":0,"k":[0,0],"ix":1},"s":{"a":0,"k":[100,100],"ix":3},"r":{"a":0,"k":0,"ix":6},"o":{"a":0,"k":100,"ix":7},"sk":{"a":0,"k":0,"ix":4},"sa":{"a":0,"k":0,"ix":5},"nm":"变换"}],"nm":"组 1","np":2,"cix":2,"bm":0,"ix":1,"mn":"ADBE Vector Group","hd":false}],"ip":0,"op":600,"st":0,"bm":0},{"ddd":0,"ind":5,"ty":4,"nm":"Bottom","sr":1,"ks":{"o":{"a":0,"k":100,"ix":11},"r":{"a":0,"k":0,"ix":10},"p":{"a":0,"k":[100,70.283,0],"ix":2},"a":{"a":0,"k":[84.366,40.532,0],"ix":1},"s":{"a":0,"k":[100,100,100],"ix":6}},"ao":0,"shapes":[{"ty":"gr","it":[{"ind":0,"ty":"sh","ix":1,"ks":{"a":0,"k":{"i":[[0,0],[-18.84,0],[-4.242,-17.536],[0,0],[38.412,0],[12.918,-33.876]],"o":[[4.242,-17.536],[18.84,0],[0,0],[-12.919,-33.876],[-38.412,0],[0,0]],"v":[[-38.87,40.282],[0,9.718],[38.87,40.282],[84.116,17.66],[0,-40.282],[-84.116,17.66]],"c":true},"ix":2},"nm":"路径 1","mn":"ADBE Vector Shape - Group","hd":false},{"ty":"fl","c":{"a":0,"k":[0.898000021542,0.898000021542,0.898000021542,1],"ix":4},"o":{"a":0,"k":100,"ix":5},"r":1,"bm":0,"nm":"填充 1","mn":"ADBE Vector Graphic - Fill","hd":false},{"ty":"tr","p":{"a":0,"k":[84.366,40.532],"ix":2},"a":{"a":0,"k":[0,0],"ix":1},"s":{"a":0,"k":[100,100],"ix":3},"r":{"a":0,"k":0,"ix":6},"o":{"a":0,"k":100,"ix":7},"sk":{"a":0,"k":0,"ix":4},"sa":{"a":0,"k":0,"ix":5},"nm":"变换"}],"nm":"组 1","np":2,"cix":2,"bm":0,"ix":1,"mn":"ADBE Vector Group","hd":false}],"ip":0,"op":600,"st":0,"bm":0}],"markers":[]}